,ID,Kota_Kabupaten,Provinsi,Area,Regional,Jumlah_Kelurahan_Desa,PDRB,PDRB_Per_Kapita,Indeks_Pembangunan_Manusia,Jumlah_Penduduk,Luas_Wilayah,Dana_Alokasi_Umum,Pengeluaran_Riil_per_Kapita_ per_Tahun,Nilai_UMR,Jumlah_Penduduk_Miskin,Jumlah_Penduduk_Bekerja,Pengguna_Internet,Pemilik_Ponsel,Pengguna_Ponsel,Jumlah_Agen_Pulsa
0,1,Kota Sungai Penuh,Jambi,Area 1,Sumbagsel,4/65,7488,82367,75.42,96357,391.5,414326985,10248.0,2930000.0,2.78,41806.0,46893,59407.0,72385.0,37.0
1,2,Kab. Lampung Tengah,Lampung,Area 1,Lampung,10/301,71953,56156,70.16,1461172,3802.68,1259528176,11219.0,2442413.0,152.28,662539.0,943592,759070.0,1115607.0,705.0
2,3,Kab. Mesuji,Lampung,Area 1,Lampung,0/105,10578,52835,63.63,227265,2184.0,410246380,7984.0,2588912.0,14.72,95531.0,132091,114985.0,175374.0,71.0
3,4,Kab. Kepahiang,Bengkulu,Area 1,Sumbagsel,12/105,4321,31498,68.17,149484,665.0,403631660,9273.0,2215000.0,20.27,1002160.0,54865,80981.0,96905.0,46.0
4,5,Kab. Kerinci,Jambi,Area 1,Sumbagsel,2/285,10123,42413,71.21,250006,3355.27,570389068,9995.0,2930000.0,17.48,118080.0,28639,160714.0,187258.0,82.0
5,6,Kab. Lampung Utara,Lampung,Area 1,Lampung,15/232,24124,39105,67.67,632072,2725.87,888494843,8733.0,2461850.0,119.35,286377.0,388590,327835.0,437688.0,332.0
6,7,Kota Bandar Lampung,Lampung,Area 1,Lampung,126/-,59507,56593,77.44,1165039,296.0,1025122725,12197.0,2653223.0,93.74,475244.0,831424,773555.0,840657.0,986.0
7,8,Kab. Rejang Lebong,Bengkulu,Area 1,Sumbagsel,34/122,9370,35914,70.44,276392,1639.98,566437095,10234.0,2215000.0,41.47,1002160.0,105399,146340.0,192097.0,113.0
8,9,Kab. Pesisir Barat,Lampung,Area 1,Lampung,2/116,4649,30017,63.91,162444,2907.23,406509124,8457.0,2432002.0,22.24,73228.0,93156,81364.0,114132.0,70.0
9,10,Kota Gunungsitoli,Sumatera Utara,Area 1,Sumbagut,101,5514,38714,69.31,135764,280.78,408549541,7980.0,2603246.0,23.54,63815.0,46349,67251.0,96688.0,60.0
10,11,Kota Sibolga,Sumatera Utara,Area 1,Sumbagut,17/-,5532,63127,73.63,89331,41.31,393325325,11473.0,3004000.0,10.49,44305.0,43001,50546.0,69167.0,45.0
11,12,Kota Medan,Sumatera Utara,Area 1,Sumbagut,151/-,241482,105918,80.98,2436379,265.1,1560956851,14890.0,3222557.0,183.54,1134643.0,1369367,1599492.0,1948139.0,2512.0
12,13,Kota Tanjung Balai,Sumatera Utara,Area 1,Sumbagut,31/-,8951,51086,68.65,175774,107.83,412466823,11132.0,2822425.0,23.54,82977.0,72683,95592.0,138206.0,103.0
13,14,Kab. Nias,Sumatera Utara,Area 1,Sumbagut,-/170,3825,27562,61.93,146419,1842.51,419794128,6898.0,2560336.0,23.12,74942.0,28786,51622.0,81878.0,32.0
14,15,Kab. Nias Selatan,Sumatera Utara,Area 1,Sumbagut,3/457,6861,21449,61.89,360765,1825.2,628496268,6974.0,3222526.0,53.88,165452.0,63645,123047.0,169852.0,54.0
15,16,Kab. Bintan,Kepulauan Riau,Area 1,Sumbagteng,15/36,21301,133630,74.13,159265,590.14,487690253,14482.0,3648714.0,10.21,51939.0,93450,110204.0,123392.0,251.0
16,17,Kab. Samosir,Sumatera Utara,Area 1,Sumbagut,6/128,4435,35144,70.63,136188,2069.05,422251066,8422.0,2648577.0,15.8,45588.0,37520,61362.0,87599.0,82.0
17,18,Kab. Seluma,Bengkulu,Area 1,Sumbagsel,20/182,4603,23752,66.89,207624,2400.44,477383614,8220.0,2215000.0,36.23,1002160.0,66410,100758.0,135296.0,73.0
18,19,Kota Payakumbuh,Sumatera Barat,Area 1,Sumbagteng,47/-,6829,50368,78.9,139323,85.22,423286932,13281.0,2913366.0,7.74,65892.0,78839,89816.0,115956.0,118.0
19,20,Kab. Lampung Selatan,Lampung,Area 1,Lampung,4/256,45108,44605,68.36,1063274,700.32,969397256,9875.0,2567168.0,143.33,445328.0,659934,554128.0,750583.0,600.0
20,21,Kab. Nias Barat,Sumatera Utara,Area 1,Sumbagut,-/105,1817,20955,61.51,89741,473.73,333762307,5830.0,3222526.0,22.33,27785.0,15817,31381.0,46847.0,16.0
21,22,Kota Jambi,Jambi,Area 1,Sumbagsel,62/-,30856,51024,78.37,605173,103.54,690724772,12056.0,2930000.0,50.44,286387.0,130319,480575.0,480575.0,634.0
22,23,Kab. Tulang Bawang Barat,Lampung,Area 1,Lampung,3/093,11521,42167,65.97,285909,1201.0,443399456,8395.0,2472144.0,20.29,136136.0,171482,150531.0,230801.0,132.0
23,24,Kab. Simalungun,Sumatera Utara,Area 1,Sumbagut,27/386,38057,43849,73.25,989219,4386.6,1146405476,11308.0,2607089.0,73.64,460319.0,399307,599600.0,813215.0,611.0
24,25,Kab. Kaur,Bengkulu,Area 1,Sumbagsel,3/192,3524,29075,66.99,126298,2369.05,415365742,8593.0,2215000.0,22.57,1002160.0,37221,61035.0,74000.0,52.0
25,26,Kab. Serdang Bedagai,Sumatera Utara,Area 1,Sumbagut,6/237,27959,45360,70.24,656463,1900.22,734027202,10950.0,2869292.0,49.18,314818.0,191063,329677.0,479709.0,487.0
26,27,Kab. Tulang Bawang,Lampung,Area 1,Lampung,4/147,23290,51652,68.52,430255,3466.32,580505819,10863.0,2443413.0,42.43,208672.0,276683,245591.0,348357.0,173.0
27,28,Kab. Asahan,Sumatera Utara,Area 1,Sumbagut,27/177,37440,51303,70.29,768933,3702.21,837408029,10890.0,2814735.0,66.32,317794.0,260118,436096.0,550062.0,484.0
28,29,Kab. Tanjung Jabung Barat,Jambi,Area 1,Sumbagsel,20/114,43303,129676,67.54,317732,4649.85,490342499,9480.0,2930000.0,34.79,166179.0,21910,173773.0,220457.0,161.0
29,30,Kab. Merangin,Jambi,Area 1,Sumbagsel,10/205,15377,39538,69.19,354286,7679.0,669437069,10279.0,2930000.0,33.92,187523.0,27518,185929.0,218049.0,175.0
30,31,Kota Sabang,Aceh,Area 1,Sumbagut,-/18,1533,43948,75.78,40944,153.0,339726509,11273.0,4200479.0,5.27,17071.0,11669,11669.0,12827.0,49.0
31,32,Kota Padangsidimpuan,Sumatera Utara,Area 1,Sumbagut,37/42,6373,28730,75.22,224852,114.66,478792324,10856.0,2676209.0,16.56,120647.0,119233,130141.0,176392.0,131.0
32,33,Kab. Mandailing Natal,Sumatera Utara,Area 1,Sumbagut,27/380,13545,30282,66.79,473120,6134.0,754946034,9684.0,2691808.0,41.31,206000.0,105597,167558.0,280350.0,178.0
33,34,Kab. Bengkulu Selatan,Bengkulu,Area 1,Sumbagsel,16/142,5701,35992,70.63,165996,1186.1,525650342,9837.0,2215000.0,28.41,1002160.0,57714,92389.0,130128.0,74.0
34,35,Kota Palembang,Sumatera Selatan,Area 1,Sumbagsel,107/-,154805,93094,78.33,1669975,369.22,1235336955,14679.0,3270093.78,182.61,756546.0,862504,1126403.0,1288094.0,1680.0
35,36,Kab. Karimun,Kepulauan Riau,Area 1,Sumbagteng,29/42,13537,58149,71.44,253204,912.75,422360762,11885.0,3335902.0,15.99,249375.0,122592,159129.0,179511.0,314.0
36,37,Kota Metro,Lampung,Area 1,Lampung,22/0,6365,38023,77.19,168423,61.79,437364108,11906.0,2433381.0,14.31,81896.0,118600,112193.0,127174.0,148.0
37,38,Kab. Lampung Barat,Lampung,Area 1,Lampung,5/131,7188,23737,67.8,302373,2142.78,500613338,9929.0,2526546.0,38.12,171849.0,186017,164727.0,220038.0,131.0
38,39,Kab. Pringsewu,Lampung,Area 1,Lampung,5/126,11252,28116,70.3,405700,625.0,582828145,10262.0,2432002.0,40.12,191320.0,260693,191645.0,291769.0,193.0
39,40,Kab. Tapanuli Selatan,Sumatera Utara,Area 1,Sumbagut,36/212,13932,49418,70.12,301145,6030.47,609162427,11236.0,2903042.0,23.96,152658.0,74426,128152.0,190928.0,118.0
40,41,Kab. Nias Utara,Sumatera Utara,Area 1,Sumbagut,1/112,3516,25484,62.36,147021,1202.78,393721097,6064.0,2509536.0,34.75,66776.0,32802,51491.0,87923.0,40.0
41,42,Kab. Way Kanan,Lampung,Area 1,Lampung,6/221,14124,31379,67.44,473809,3921.63,626301547,9102.0,2617538.0,58.41,238736.0,288216,225307.0,342064.0,200.0
42,43,Kab. Tanjung Jabung Timur,Jambi,Area 1,Sumbagsel,20/73,24696,112263,64.43,229560,5445.0,523900364,9026.0,2930000.0,24.23,113773.0,13151,128222.0,158385.0,96.0
43,44,Kab. Tanggamus,Lampung,Area 1,Lampung,3/299,15645,26150,66.42,639248,3020.64,725176840,9250.0,2432002.0,70.37,288992.0,388301,303649.0,456525.0,222.0
44,44,Kota Lubuklinggau,Sumatera Selatan,Area 1,Sumbagsel,72/-,6657,28664,74.78,233913,401.5,451901335,13243.0,3144446.0,29.8,112078.0,107708,152096.0,173596.0,159.0
45,46,Kab. Langkat,Sumatera Utara,Area 1,Sumbagut,37/240,42515,40810,71.0,1029175,6262.0,1106713503,11071.0,2711000.0,101.87,539583.0,328174,544946.0,692183.0,762.0
46,47,Kab. Lebong,Bengkulu,Area 1,Sumbagsel,11/93,3346,28698,67.01,106040,1921.82,377859122,11124.0,2215000.0,13.97,1002160.0,35763,49174.0,64761.0,39.0
47,48,Kab. Pesawaran,Lampung,Area 1,Lampung,0/144,16403,36912,65.79,477702,2243.51,624502440,7892.0,2432002.0,66.04,207785.0,284772,240059.0,364460.0,245.0
48,49,Kab. Lampung Timur,Lampung,Area 1,Lampung,0/264,42541,40736,69.37,1109313,5325.03,1015031133,9983.0,2431150.0,153.57,514297.0,711113,600402.0,872361.0,558.0
49,50,Kota Bengkulu,Bengkulu,Area 1,Sumbagsel,67/-,23201,60241,80.36,373825,151.7,649681045,13938.0,2215000.0,69.12,1002160.0,246784,257942.0,320307.0,316.0
50,51,Kab. Pesisir Selatan,Sumatera Barat,Area 1,Sumbagteng,-/182,14045,30274,69.9,504652,5749.89,792358743,9212.0,2232852.0,35.46,222264.0,166293,249463.0,368402.0,257.0
51,52,Kota Binjai,Sumatera Utara,Area 1,Sumbagut,37/-,11700,42300,75.89,291589,59.19,544802063,10997.0,2614781.0,15.91,139445.0,130095,182128.0,205496.0,253.0
52,53,Kab. Toba Samosir,Sumatera Utara,Area 1,Sumbagut,13/231,7677,41788,75.16,205946,2328.89,522549596,12154.0,2668615.0,16.05,104719.0,80426,110838.0,166878.0,142.0
53,54,Kab. Labuhan Batu Utara,Sumatera Utara,Area 1,Sumbagut,90,24378,67007,71.61,382228,3570.98,562869404,11779.0,2869293.0,34.86,175830.0,106643,196527.0,257333.0,193.0
54,55,Kab. Bengkulu Utara,Bengkulu,Area 1,Sumbagsel,5/215,8253,26622,68.82,296757,4324.6,590458935,10263.0,2215000.0,36.67,1002160.0,104019,147526.0,197894.0,123.0
55,56,Kota Prabumulih,Sumatera Selatan,Area 1,Sumbagsel,25/12,7823,41872,74.55,192943,251.94,401337761,12723.0,3144446.0,21.83,90013.0,90117,114388.0,140671.0,166.0
56,57,Kab. Bengkulu Tengah,Bengkulu,Area 1,Sumbagsel,1/142,4607,40164,67.61,116453,1223.94,409476286,9392.0,2215000.0,10.79,1002160.0,43787,59093.0,81051.0,69.0
57,58,Kab. Padang Lawas,Sumatera Utara,Area 1,Sumbagut,1/303,11372,40435,68.25,260758,3892.74,498935494,8807.0,2753827.0,23.87,149219.0,64900,104365.0,177884.0,122.0
58,59,Kab. Pakpak Bharat,Sumatera Utara,Area 1,Sumbagut,-/52,1178,24077,67.59,52098,1218.3,324896653,8170.0,3222526.0,4.59,29879.0,15355,23429.0,36435.0,32.0
59,60,Kab. Tebo,Jambi,Area 1,Sumbagsel,5/107,14621,41245,69.14,337903,6461.0,536524337,10389.0,2930000.0,22.47,176355.0,134940,246343.0,246343.0,160.0
60,61,Kab. Muara Enim,Sumatera Selatan,Area 1,Sumbagsel,10/245,57424,90174,68.74,611873,7383.9,620313421,10951.0,3144446.0,79.27,303651.0,201420,331192.0,393328.0,367.0
61,62,Kota Bukittinggi,Sumatera Barat,Area 1,Sumbagteng,24/-,8700,66524,80.58,120775,25.24,430965335,13282.0,2838494.0,6.01,62283.0,81432,87873.0,105099.0,105.0
62,63,Kab. Mukomuko,Bengkulu,Area 1,Sumbagsel,3/148,5160,26613,68.45,190245,4036.7,460324684,10266.0,2215000.0,23.1,1002160.0,73493,132634.0,132634.0,85.0
63,64,Kab. Kepulauan Anambas,Kepulauan Riau,Area 1,Sumbagteng,2/052,17434,412053,68.8,47149,144.56,376722003,11875.0,3501441.0,2.8,15390.0,18865,26808.0,35159.0,24.0
64,65,Kab. Dairi,Sumatera Utara,Area 1,Sumbagut,8/161,9166,32242,71.57,308998,1927.8,569042190,10350.0,2504195.0,22.93,136573.0,93919,149961.0,230339.0,154.0
65,66,Kab. Labuhan Batu Selatan,Sumatera Utara,Area 1,Sumbagut,54,27132,80041,71.4,314328,3596.0,481566736,11495.0,2930970.0,28.63,147212.0,107373,165426.0,235140.0,175.0
66,67,Kota Tebing Tinggi,Sumatera Utara,Area 1,Sumbagut,35/-,5924,36035,75.17,172585,31.0,395688258,12876.0,2537876.0,16.32,87334.0,76381,112419.0,129793.0,161.0
67,68,Kab. Ogan Komering Ulu Selatan,Sumatera Selatan,Area 1,Sumbagsel,7/252,8817,24417,65.3,409215,5493.94,590626515,8580.0,3144446.0,39.5,185850.0,90939,192130.0,237166.0,90.0
68,69,Kab. Deli Serdang,Sumatera Utara,Area 1,Sumbagut,14/380,109334,49794,75.44,1932568,2241.68,1385860252,12225.0,3188592.0,86.26,1125931.0,803806,1219972.0,1404604.0,1718.0
69,70,Kota Dumai,Riau,Area 1,Sumbagteng,33/-,36192,117199,74.4,317016,1623.38,437822618,11751.0,3383834.0,9.88,140600.0,168671,196218.0,262001.0,331.0
70,71,Kab. Penukal Abab Lematang Ilir,Sumatera Selatan,Area 1,Sumbagsel,71,7090,37362,64.7,194647,1840.0,297726294,8196.0,3144446.0,24.17,98473.0,54212,101124.0,119549.0,64.0
71,72,Kota Padang,Sumatera Barat,Area 1,Sumbagteng,104/-,62458,65685,82.82,908013,693.66,1068755501,14481.0,3278682.0,42.17,436811.0,529217,635793.0,742951.0,878.0
72,73,Kab. Pasaman,Sumatera Barat,Area 1,Sumbagteng,-/37,8909,31679,66.64,300085,3947.63,561308754,8425.0,2464504.0,20.29,133773.0,97137,134807.0,219716.0,84.0
73,74,Kab. Padang Pariaman,Sumatera Barat,Area 1,Sumbagteng,-/103,21287,51219,70.61,430860,1332.51,722635928,10998.0,2268981.0,28.98,181344.0,157833,244211.0,320891.0,307.0
74,75,Kab. Ogan Komering Ulu,Sumatera Selatan,Area 1,Sumbagsel,14/143,14720,40015,69.32,367837,4797.06,603568602,10020.0,3144446.0,47.3,182248.0,132659,204027.0,254410.0,246.0
75,76,Kab. Tapanuli Utara,Sumatera Utara,Area 1,Sumbagut,11/241,7889,26141,73.47,312992,3791.64,609962657,11648.0,2542836.0,28.41,172493.0,83808,149900.0,238257.0,172.0
76,77,Kab. Tanah Datar,Sumatera Barat,Area 1,Sumbagteng,-/75,13095,37607,72.33,371938,1336.1,651739765,10588.0,2763592.0,15.34,174454.0,150652,219892.0,313057.0,230.0
77,78,Kab. Padang Lawas Utara,Sumatera Utara,Area 1,Sumbagut,2/386,11620,42608,69.85,260467,3918.05,523820730,9987.0,2767784.0,26.79,124078.0,61443,118096.0,181065.0,77.0
78,79,Kab. Banyuasin,Sumatera Selatan,Area 1,Sumbagsel,16/288,28688,33568,66.74,835887,11832.99,886097109,9850.0,3194894.0,96.27,383950.0,252852,407635.0,516557.0,634.0
79,80,Kab. Agam,Sumatera Barat,Area 1,Sumbagteng,-/82,20549,41828,72.46,529372,1804.3,762542948,9651.0,2339399.0,33.31,242382.0,240033,310014.0,420131.0,347.0
80,81,Kota Sawah Lunto,Sumatera Barat,Area 1,Sumbagteng,31,3682,58884,72.64,64885,231.93,349197280,10182.0,2510628.0,1.36,31249.0,32803,42359.0,53659.0,54.0
81,82,Kab. Labuhan Batu,Sumatera Utara,Area 1,Sumbagut,23/75,33610,68013,72.01,494133,2156.02,652519523,11150.0,2895289.0,42.17,233444.0,174029,269819.0,369673.0,295.0
82,83,Kab. Batanghari,Jambi,Area 1,Sumbagsel,14/110,16466,60340,69.84,301934,5804.0,571897802,9825.0,2930000.0,26.54,114983.0,122832,209927.0,209927.0,158.0
83,84,Kab. Ogan Komering Ulu Timur,Sumatera Selatan,Area 1,Sumbagsel,7/305,15068,22264,69.28,648826,3370.0,759212795,11505.0,3144446.0,71.1,351037.0,190309,327203.0,441875.0,337.0
84,85,Kab. Solok,Sumatera Barat,Area 1,Sumbagteng,-/74,13587,36386,69.08,391731,3738.0,668243259,10171.0,2422385.0,29.28,183305.0,144804,210960.0,305369.0,184.0
85,86,Kota Padang Panjang,Sumatera Barat,Area 1,Sumbagteng,16/-,3477,64749,77.93,56058,23.0,354367009,10734.0,3188468.0,2.84,25863.0,36373,37534.0,48220.0,44.0
86,87,Kab. Ogan Ilir,Sumatera Selatan,Area 1,Sumbagsel,14/227,11184,26003,67.06,416783,2666.09,592817070,10424.0,3144446.0,57.97,211488.0,129467,217086.0,277197.0,270.0
87,89,Kab. Lima Puluh Kota,Sumatera Barat,Area 1,Sumbagteng,-/79,15616,40791,69.47,383759,3571.14,702365062,9596.0,2125742.0,26.43,199426.0,128509,202379.0,268656.0,233.0
88,89,Kab. Humbang Hasundutan,Sumatera Utara,Area 1,Sumbagut,1/153,5951,31292,68.87,197498,2335.33,491293205,7850.0,2524033.0,17.92,112029.0,48717,85220.0,129083.0,85.0
89,90,Kota Pariaman,Sumatera Barat,Area 1,Sumbagteng,16/55,5008,56591,76.9,93971,66.13,391516784,12796.0,2519099.0,3.66,43339.0,53387,58701.0,80316.0,89.0
90,91,Kab. Tapanuli Tengah,Sumatera Utara,Area 1,Sumbagut,56/159,9957,26434,69.23,365411,2188.0,614127615,10071.0,2830884.0,47.19,185218.0,101565,157296.0,253694.0,164.0
91,92,Kota Pekanbaru,Riau,Area 1,Sumbagteng,83/-,119112,104177,81.32,982329,632.27,818435221,14433.0,2997976.0,30.4,514200.0,666545,699331.0,840314.0,1408.0
92,93,Kab. Simeulue,Aceh,Area 1,Sumbagut,-/138,2216,23765,66.03,92612,2051.48,423660373,7085.0,4200479.0,17.34,36589.0,40844,40844.0,57729.0,40.0
93,94,Kab. Batu Bara,Sumatera Utara,Area 1,Sumbagut,10/141,34048,81749,68.36,410912,922.2,568210636,10410.0,3191571.0,49.78,208595.0,135370,205682.0,295023.0,261.0
94,95,Kab. Muaro Jambi,Jambi,Area 1,Sumbagsel,5/150,24403,55041,69.18,402251,5326.0,631350550,8556.0,2930000.0,17.3,184465.0,165790,279486.0,279486.0,342.0
95,96,Kab. Musi Rawas,Sumatera Selatan,Area 1,Sumbagsel,13/186,19077,47241,66.79,395804,6350.1,600180128,9520.0,3144446.0,54.95,208596.0,107381,196685.0,259865.0,172.0
96,97,Kota Langsa,Aceh,Area 1,Sumbagut,-/66,5302,29986,77.17,185718,262.41,416834350,12057.0,4200479.0,18.65,76830.0,115846,115846.0,143133.0,118.0
97,98,Kab. Aceh Tenggara,Aceh,Area 1,Sumbagut,-/385,4945,22840,69.37,220607,4231.43,550538893,8020.0,4200479.0,28.98,92626.0,49297,89863.0,122990.0,52.0
98,99,Kota Pematang Siantar,Sumatera Utara,Area 1,Sumbagut,53/-,13933,54572,78.75,268001,55.66,569499118,12372.0,2501519.0,21.23,137927.0,131927,174297.0,223081.0,250.0
99,100,Kab. Bungo,Jambi,Area 1,Sumbagsel,12/141,18047,48156,69.92,362597,4659.0,602613586,11471.0,2930000.0,22.07,167075.0,141959,255781.0,255781.0,244.0
100,101,Kab. Karo,Sumatera Utara,Area 1,Sumbagut,10/259,20585,49497,74.43,405232,2127.0,694659836,12349.0,3070354.0,36.57,262029.0,142172,222336.0,303949.0,259.0
101,102,Kota Solok,Sumatera Barat,Area 1,Sumbagteng,13/-,4050,57040,78.29,73185,71.29,377778817,12117.0,3019506.0,1.99,31142.0,26360,31127.0,38107.0,61.0
102,103,Kab. Kepulauan Mentawai,Sumatera Barat,Area 1,Sumbagteng,-/43,4644,50463,61.09,87370,6011.35,557853377,6281.0,2326013.0,13.37,48621.0,16844,27913.0,38416.0,11.0
103,104,Kab. Ogan Komering Ilir,Sumatera Selatan,Area 1,Sumbagsel,13/314,29148,35126,66.82,768321,18359.04,978571504,10725.0,3144446.0,123.34,386545.0,215629,400818.0,534824.0,550.0
104,105,Kab. Sarolangun,Jambi,Area 1,Sumbagsel,9/149,15356,50865,69.86,289794,6184.0,539027521,11616.0,2930000.0,25.79,135156.0,108246,207615.0,207615.0,119.0
105,106,Kab. Aceh Barat,Aceh,Area 1,Sumbagut,-/322,7998,38066,71.38,198483,2927.95,556256963,9641.0,4200479.0,39.06,85855.0,73043,110949.0,127571.0,114.0
106,107,Kab. Pidie,Aceh,Area 1,Sumbagut,-/730,10564,23740,70.63,435509,3086.95,842069723,9816.0,4200479.0,86.39,185832.0,213802,213802.0,255996.0,232.0
107,108,Kab. Belitung,Bangka Belitung,Area 1,Sumbagsel,7/42,9870,51994,72.51,181826,2293.61,463002382,13554.0,3230000.0,12.07,82200.0,96279,125770.0,144562.0,223.0
108,109,Kab. Empat Lawang,Sumatera Selatan,Area 1,Sumbagsel,9/147,4995,19964,65.25,333856,2256.44,402951186,9350.0,3144446.0,31.89,134147.0,63540,152854.0,218498.0,79.0
109,110,Kota Pangkal Pinang,Bangka Belitung,Area 1,Sumbagsel,42/-,13703,64417,78.22,218316,89.4,434574143,15663.0,3230000.0,9.4,84575.0,150108,150108.0,181433.0,282.0
110,111,Kota Subulussalam,Aceh,Area 1,Sumbagut,-/82,1727,21211,64.93,90498,1391.0,319242599,7317.0,4200479.0,14.46,29410.0,36144,36144.0,46241.0,40.0
111,112,Kab. Sijunjung,Sumatera Barat,Area 1,Sumbagteng,-/61,9134,38477,67.74,234792,3130.4,513243250,10361.0,2411378.0,16.28,114731.0,86775,124651.0,161304.0,107.0
112,113,Kab. Solok Selatan,Sumatera Barat,Area 1,Sumbagteng,-/39,5575,32589,69.04,181774,3346.2,445646713,10325.0,2537751.0,12.39,84899.0,68200,91099.0,136931.0,61.0
113,114,Kab. Pidie Jaya,Aceh,Area 1,Sumbagut,-/222,3461,21470,73.2,158144,1073.6,413543469,10071.0,4200479.0,31.39,66195.0,76503,76503.0,85055.0,105.0
114,115,Kab. Aceh Selatan,Aceh,Area 1,Sumbagut,-/260,5491,23064,67.12,232161,3841.6,607341339,8089.0,4200479.0,30.91,93032.0,65544,116810.0,139479.0,95.0
115,116,Kab. Kuantan Singingi,Riau,Area 1,Sumbagteng,11/218,32122,98138,70.31,335177,5259.36,609467997,10243.0,3045450.0,29.34,144598.0,129544,192468.0,239142.0,191.0
116,117,Kab. Aceh Singkil,Aceh,Area 1,Sumbagut,-/116,2403,19363,68.94,126261,2185.0,411019642,8707.0,4200479.0,25.43,41956.0,41253,60989.0,82709.0,66.0
117,118,Kab. Lingga,Kepulauan Riau,Area 1,Sumbagteng,7/075,4269,47552,65.29,98380,1318.21,459083527,11998.0,3036220.0,12.45,33509.0,33724,56182.0,76203.0,79.0
118,119,Kab. Pasaman Barat,Sumatera Barat,Area 1,Sumbagteng,-/19,15401,34709,68.49,431906,3887.77,606699346,9047.0,2443756.0,31.64,194387.0,133912,191678.0,295280.0,206.0
119,120,Kab. Aceh Barat Daya,Aceh,Area 1,Sumbagut,-/152,3855,25631,66.75,150522,1490.6,418989448,8316.0,4200479.0,24.21,59658.0,43979,76756.0,91020.0,60.0
120,121,Kab. Aceh Tamiang,Aceh,Area 1,Sumbagut,-/213,7419,25148,69.24,294590,1956.72,497724291,8327.0,4200479.0,38.93,123383.0,83922,151686.0,206100.0,141.0
121,122,Kab. Aceh Jaya,Aceh,Area 1,Sumbagut,-/172,2576,27736,69.75,92906,3812.99,399247229,9615.0,4200479.0,12.11,45206.0,25336,48687.0,57926.0,52.0
122,123,Kab. Dharmasraya,Sumatera Barat,Area 1,Sumbagteng,-/52,10351,41810,71.51,228338,2961.13,482461174,11273.0,2375038.0,15.7,122848.0,100929,132041.0,178884.0,169.0
123,123,Kab. Lahat,Sumatera Selatan,Area 1,Sumbagsel,18/360,17175,41953,67.44,430305,5311.74,655195267,9730.0,3144446.0,65.75,209111.0,147295,241093.0,310766.0,244.0
124,125,Kota Banda Aceh,Aceh,Area 1,Sumbagut,-/90,18618,68872,85.41,252646,61.36,551564266,16778.0,4200479.0,18.97,117822.0,188372,188372.0,206523.0,377.0
125,126,Kab. Kepulauan Meranti,Riau,Area 1,Sumbagteng,5/96,18457,99492,65.5,205863,3707.84,411574919,7790.0,2983926.0,47.1,85166.0,82804,124094.0,154504.0,109.0
126,127,Kab. Aceh Besar,Aceh,Area 1,Sumbagut,-/604,13289,31251,73.56,405769,2969.0,763979511,9641.0,4200479.0,59.7,158020.0,164286,234207.0,256963.0,509.0
127,128,Kab. Bireuen,Aceh,Area 1,Sumbagut,-/609,12956,27470,72.28,436652,1901.2,819566518,8857.0,4200479.0,62.42,217265.0,118382,225158.0,319816.0,308.0
128,129,Kab. Nagan Raya,Aceh,Area 1,Sumbagut,-/222,7381,44118,69.18,168139,3363.72,487688377,8216.0,4200479.0,29.99,69946.0,89242,89242.0,112655.0,72.0
129,130,Kab. Gayo Lues,Aceh,Area 1,Sumbagut,-/136,2627,27915,67.22,99279,5719.58,425668061,8791.0,4200479.0,18.42,45717.0,27200,46935.0,54010.0,30.0
130,131,Kota Pagar Alam,Sumatera Selatan,Area 1,Sumbagsel,35/-,2787,20024,68.31,143591,633.66,374034900,8795.0,3144446.0,12.71,67746.0,50735,81660.0,101103.0,67.0
131,132,Kab. Natuna,Kepulauan Riau,Area 1,Sumbagteng,6/070,21791,280188,72.72,81242,960.25,397785704,11875.0,3106975.0,3.47,27089.0,37413,49264.0,64002.0,68.0
132,133,Kab. Aceh Tengah,Aceh,Area 1,Sumbagut,-/295,7473,35169,73.24,215323,4318.39,577052678,10673.0,4200479.0,32.48,102948.0,63830,120319.0,154356.0,74.0
133,134,Kab. Musi Banyuasin,Sumatera Selatan,Area 1,Sumbagsel,13/227,66162,102248,67.69,621179,14266.26,381276692,10088.0,3251832.0,105.38,317868.0,176961,324910.0,427534.0,460.0
134,135,Kota Batam,Kepulauan Riau,Area 1,Sumbagteng,64/-,164484,119537,81.11,1195369,2009.04,633957071,18095.0,4130279.0,67.06,481648.0,801916,821945.0,946882.0,1280.0
135,136,Kab. Aceh Timur,Aceh,Area 1,Sumbagut,-/513,10318,23662,67.63,422635,6286.01,774098033,8489.0,4200479.0,62.34,158910.0,101130,188007.0,221957.0,201.0
136,137,Kab. Belitung Timur,Bangka Belitung,Area 1,Sumbagsel,-/39,7728,59644,70.92,126765,2506.91,423426747,11730.0,3230000.0,8.56,58259.0,63528,75075.0,95788.0,119.0
137,138,Kab. Bangka,Bangka Belitung,Area 1,Sumbagsel,19/62,13794,40891,72.4,326499,2950.68,500682611,12416.0,3230000.0,15.41,132128.0,153273,198793.0,247399.0,287.0
138,139,Kab. Indragiri Hilir,Riau,Area 1,Sumbagteng,39/197,62776,84764,66.54,653882,12614.78,897840706,9954.0,2984695.0,44.29,327970.0,240736,361584.0,475838.0,352.0
139,140,Kab. Bangka Selatan,Bangka Belitung,Area 1,Sumbagsel,3/50,8676,41321,66.9,197936,3607.08,442497090,11757.0,3230000.0,7.49,88740.0,79133,109642.0,141819.0,165.0
140,141,Kab. Bener Meriah,Aceh,Area 1,Sumbagut,-/232,4425,29861,72.98,161089,1454.09,427246462,11098.0,4200479.0,28.38,77768.0,48600,82193.0,114063.0,48.0
141,142,Kab. Aceh Utara,Aceh,Area 1,Sumbagut,-/852,19778,31931,69.33,601766,3236.86,902833982,8122.0,4200479.0,106.41,238229.0,133396,290070.0,299882.0,310.0
142,143,Kab. Bangka Barat,Bangka Belitung,Area 1,Sumbagsel,4/60,14168,66466,69.08,204359,2820.61,427997278,12233.0,3230000.0,5.83,84219.0,80592,114768.0,140989.0,179.0
143,144,Kab. Musi Rawas Utara,Sumatera Selatan,Area 1,Sumbagsel,89,7111,37000,64.49,188608,6008.55,368081249,9783.0,3144446.0,37.75,92036.0,45652,89402.0,122094.0,59.0
144,145,Kab. Bangka Tengah,Bangka Belitung,Area 1,Sumbagsel,7/56,8579,43728,70.45,198693,2155.77,426219372,12909.0,3230000.0,9.64,74102.0,86518,113173.0,153919.0,187.0
145,146,Kab. Indragiri Hulu,Riau,Area 1,Sumbagteng,16/178,41659,94296,69.83,444782,7723.8,640211130,10202.0,2985193.0,26.66,196118.0,208081,261343.0,343720.0,280.0
146,147,Kab. Rokan Hulu,Riau,Area 1,Sumbagteng,6/139,33910,48994,69.38,561619,7588.13,651346142,9374.0,2960855.0,73.35,304612.0,223005,315682.0,422271.0,303.0
147,148,Kota Lhokseumawe,Aceh,Area 1,Sumbagut,-/68,8907,42987,77.31,188460,181.06,428195816,11367.0,4200479.0,22.69,79430.0,115838,115838.0,140995.0,175.0
148,149,Kab. Kampar,Riau,Area 1,Sumbagteng,8/242,77423,88878,72.83,840305,10983.47,775080963,10796.0,2950088.0,65.3,345195.0,375855,493503.0,637993.0,669.0
149,150,Kota Tanjung Pinang,Kepulauan Riau,Area 1,Sumbagteng,18/-,20168,95319,78.91,227410,2266.77,459035650,15498.0,3006999.0,19.98,77966.0,145170,164934.0,188225.0,244.0
150,151,Kab. Pelalawan,Riau,Area 1,Sumbagteng,14/104,47909,99063,71.56,390280,12758.45,602962236,11606.0,3002383.0,45.88,219186.0,186308,239140.0,315247.0,299.0
151,152,Kab. Bengkalis,Riau,Area 1,Sumbagteng,19/136,142451,248604,73.46,564542,6975.41,344485485,11331.0,3261357.0,36.96,232055.0,271924,344069.0,423087.0,499.0
152,153,Kab. Siak,Riau,Area 1,Sumbagteng,9/122,82708,168793,73.68,458174,8275.18,365851291,11799.0,3048527.0,25.38,206068.0,248306,279706.0,348183.0,411.0
153,154,Kab. Rokan Hilir,Riau,Area 1,Sumbagteng,25/159,74714,104569,69.15,636134,8881.59,491772859,9362.0,2937783.0,48.85,280311.0,239575,324772.0,475609.0,392.0
154,155,Kab. Kuningan,Jawa Barat,Area 2,Jabar,15/361,25090,23215,69.38,1166659,1110.56,1136000689,9297.0,1882642.36,139.2,453781.0,529899,655755.0,796082.0,574.0
155,156,Kab. Cianjur,Jawa Barat,Area 2,Jabar,6/354,46807,20683,65.36,2478687,3840.16,1508219679,7874.0,2534798.99,234.47,976058.0,1000803,1316894.0,1704535.0,1007.0
156,157,Kota Jakarta Pusat,DKI Jakarta,Area 2,Jabo Inner,44/-,705614,760271,81.39,1055869,48.13,924285617,2009108.88,4267349.0,41.92,409589.0,744900,767428.0,856753.0,2504.0
157,158,Kab. Majalengka,Jawa Barat,Area 2,Jabar,13/330,30912,25652,67.59,1304449,1204.24,1134532450,9416.0,1944166.36,138.21,600450.0,562635,736648.0,876732.0,624.0
158,159,Kab. Sukabumi,Jawa Barat,Area 2,Jabar,5/381,67406,27331,66.88,2726577,4145.7,1514827358,8618.0,3028531.71,175.1,1031213.0,1316741,1421519.0,1684717.0,1093.0
159,160,Kota Tasikmalaya,Jawa Barat,Area 2,Jabar,69/-,21755,32787,73.04,715128,171.61,759061154,9855.0,2264093.28,86.13,301081.0,329006,443568.0,469390.0,444.0
160,161,Kota Jakarta Selatan,DKI Jakarta,Area 2,Jabo Inner,65/-,648231,286233,84.72,2227939,141.27,924285617,2625288.26,4267349.0,78.09,1011605.0,578643,1669822.0,1839014.0,4154.0
161,162,Kab. Sumedang,Jawa Barat,Area 2,Jabar,7/270,35448,30760,71.64,1151480,1518.33,1082326099,10153.0,3139275.37,118.38,526229.0,583947,699219.0,835858.0,692.0
162,163,Kota Bandung,Jawa Barat,Area 2,Jabar,151/-,289312,115361,81.51,2445287,167.67,1601834557,16630.0,3623778.91,100.02,1183193.0,1735666,1763263.0,1928166.0,2477.0
163,164,Kab. Tasikmalaya,Jawa Barat,Area 2,Jabar,-/351,37219,21218,65.67,1866330,2551.19,1403102763,7761.0,2251787.92,181.52,813411.0,690165,978623.0,1225602.0,665.0
164,165,Kab. Pangandaran,Jawa Barat,Area 2,Jabar,-/93,11323,28358,68.06,423901,1010.0,514231954,8968.0,1860591.33,36.05,223517.0,179752,247446.0,301679.0,263.0
165,166,Kab. Garut,Jawa Barat,Area 2,Jabar,21/421,57579,21956,66.12,2586734,3074.07,1697761221,7597.0,1961085.7,262.78,1071026.0,1057376,1271293.0,1571623.0,1175.0
166,167,Kota Jakarta Timur,DKI Jakarta,Area 2,Jabo Inner,65/-,492191,167534,82.66,3038266,188.03,924285617,1958914.61,4267349.0,122.73,1257752.0,684548,2137043.0,2444334.0,2697.0
167,168,Kab. Pandeglang,Jawa Barat,Area 2,Jabo Outer,13/326,28324,23371,65.0,1271660,2746.89,1125384369,8572.0,2758909.0,120.44,481092.0,69118,584482.0,768914.0,606.0
168,169,Kota Jakarta Barat,DKI Jakarta,Area 2,Jabo Inner,56/-,473843,182956,81.38,2435638,129.54,924285617,2144621.63,4267349.0,110.9,1148244.0,484357,1715385.0,1938554.0,2658.0
169,170,Kab. Ciamis,Jawa Barat,Area 2,Jabar,7/258,31583,26425,70.49,1228042,1414.71,1124523808,9190.0,1880654.54,91.39,593039.0,532138,690013.0,910417.0,621.0
170,171,Kab. Lebak,Banten,Area 2,Jabo Outer,5/340,28918,22200,63.91,1387920,3426.56,1025617979,8690.0,2710654.0,120.83,596379.0,70817,593123.0,773063.0,622.0
171,172,Kota Cimahi,Jawa Barat,Area 2,Jabar,15/-,32226,52459,77.83,567373,39.27,542550698,11921.0,3700000.0,31.64,272553.0,390392,395077.0,449614.0,354.0
172,173,Kab. Bandung,Jawa Barat,Area 2,Jabar,10/270,124001,32846,72.39,3624917,1767.96,1991762404,10203.0,3139275.37,263.6,1688206.0,2031823,2065587.0,2491946.0,1883.0
173,174,Kota Serang,Banten,Area 2,Jabo Outer,66/-,31765,46130,72.16,691074,266.71,618641127,13212.0,3773940.0,42.24,292638.0,89492,409797.0,422331.0,536.0
174,175,Kota Bogor,Jawa Barat,Area 2,Jabar,68/-,46472,41788,76.11,1042043,118.5,769048963,11348.0,4169806.58,75.04,486867.0,689952,688036.0,764102.0,844.0
175,176,Kota Cirebon,Jawa Barat,Area 2,Jabar,22/-,23457,73461,74.89,333537,37.36,548788411,11397.0,2219487.67,30.61,138667.0,200741,217464.0,272425.0,310.0
176,177,Kota Jakarta Utara,DKI Jakarta,Area 2,Jabo Inner,31/-,525173,289684,80.29,1780108,146.66,924285617,1995226.7,4267349.0,123.59,822076.0,1210851,1211341.0,1378947.0,2150.0
177,178,Kab. Serang,Banten,Area 2,Jabo Outer,-/326,76944,51010,66.7,1623757,1734.28,1034125411,10665.0,4152887.0,74.8,614320.0,678792,839571.0,997684.0,849.0
178,179,Kota Sukabumi,Jawa Barat,Area 2,Jabar,33/-,12384,37678,74.21,346559,48.25,474164097,10609.0,2530182.63,25.42,140827.0,197526,224840.0,252155.0,283.0
179,180,Kab. Karawang,Jawa Barat,Area 2,Jabar,12/297,230986,98128,70.66,2440212,1652.2,1216810516,11277.0,4594324.0,195.41,1013472.0,1320805,1343123.0,1652600.0,1566.0
180,181,Kab. Cirebon,Jawa Barat,Area 2,Jabar,12/412,49186,22430,68.75,2271748,984.52,1430715056,10212.0,2196416.09,247.94,955506.0,1076411,1255468.0,1563636.0,1031.0
181,182,Kab. Bandung Barat,Jawa Barat,Area 2,Jabar,-/165,47180,27755,68.08,1789463,1305.77,1026882842,8329.0,3145427.79,179.46,704266.0,904432,1019127.0,1177304.0,1011.0
182,183,Kab. Subang,Jawa Barat,Area 2,Jabar,8/245,39853,24973,68.95,1596447,1893.95,1203407054,10715.0,2965468.0,149.81,762065.0,701713,898726.0,1039959.0,942.0
183,184,Kota Tangerang Selatan,Banten,Area 2,Jabo Outer,54/-,82840,47394,81.36,1353323,147.19,564580206,15667.0,4168268.0,40.99,761851.0,990030,1065435.0,1065435.0,1654.0
184,185,Kota Banjar,Jawa Barat,Area 2,Jabar,9/16,4357,23797,71.7,200720,113.49,353432625,10329.0,1831884.83,11.16,88846.0,92974,116069.0,132645.0,140.0
185,186,Kab. Bogor,Jawa Barat,Area 2,Jabar,19/416,237113,39748,70.4,5428195,2710.62,1883157955,10323.0,4083670.0,465.67,2538637.0,3045702,3101377.0,3710319.0,3232.0
186,187,Kota Tangerang,Banten,Area 2,Jabo Outer,104/-,175238,78585,78.25,1896613,153.93,846130955,14484.0,4168268.0,118.22,1030255.0,1313774,1467736.0,1467736.0,1762.0
187,188,Kab. Purwakarta,Jawa Barat,Area 2,Jabar,9/183,67572,70176,70.82,996842,825.74,813567867,11372.0,4039067.66,80.17,406779.0,506767,589185.0,719170.0,675.0
188,189,Kota Depok,Jawa Barat,Area 2,Jabar,63/-,71042,29517,80.97,2057462,200.29,862665355,15262.0,4202105.0,60.43,1112358.0,1570114,1495904.0,1612789.0,1766.0
189,190,Kota Cilegon,Banten,Area 2,Jabo Outer,43/-,104249,238444,73.05,435130,175.5,599460814,13010.0,4246081.0,16.31,178699.0,257890,322909.0,322909.0,425.0
190,191,Kota Bekasi,Jawa Barat,Area 2,Jabar,56/-,98209,32694,81.5,2544803,206.61,1163901497,15755.0,4589708.0,134.01,1383287.0,1966515,1883277.0,2093130.0,2238.0
191,192,Kab. Tangerang,Banten,Area 2,Jabo Outer,28/246,141088,37121,71.92,3246746,1011.86,1126643872,12203.0,4168268.0,242.16,1596938.0,1815209,1970692.0,2192278.0,2340.0
192,193,Kab. Kepulauan Seribu,DKI Jakarta,Area 2,Jabo Inner,6/-,7969,327998,71.63,27496,8.7,924285617,1122234.55,4267349.0,3.63,9985.0,14095,14788.0,17697.0,40.0
193,194,Kab. Indramayu,Jawa Barat,Area 2,Jabar,8/309,80391,46510,67.29,1835561,2040.11,1307670691,9633.0,2297931.11,220.31,818449.0,901629,1023899.0,1333908.0,909.0
194,195,Kab. Bekasi,Jawa Barat,Area 2,Jabar,7/180,327730,87072,74.07,3114144,1224.88,1109084444,11155.0,4498961.0,186.3,1619175.0,1942766,1942197.0,2127886.0,2340.0
195,196,Kota Surabaya,Jawa Timur,Area 3,Jatim,154/-,580756,200524,82.23,2875441,350.54,1209468472,17157.0,4200479.0,145.67,1499094.0,1984881,626973.0,2084578.0,3117.0
196,197,Kab. Sidoarjo,Jawa Timur,Area 3,Jatim,31/322,204022,90697,80.29,2083928,634.38,1157958587,14168.0,4193581.0,127.05,1120482.0,444781,1462667.0,1619250.0,1636.0
197,198,Kota Semarang,Jawa Tengah,Area 3,Jateng,177/-,191547,105587,83.05,1654651,373.78,1194313031,15550.0,2715000.0,79.58,925963.0,1170767,1161548.0,1310122.0,1761.0
198,199,Kab. Pasuruan,Jawa Timur,Area 3,Jatim,24/341,145920,89665,68.6,1607096,1474.02,1120144764,9933.0,4190133.0,151.43,829988.0,139524,822733.0,942049.0,726.0
199,200,Kab. Gresik,Jawa Timur,Area 3,Jatim,26/330,139044,105907,76.11,1310188,1191.25,890343102,12845.0,4197030.0,164.05,633270.0,184574,801682.0,973506.0,807.0
200,201,Kab. Cilacap,Jawa Tengah,Area 3,Jateng,15/269,114194,66119,69.95,1945984,2124.47,1295279562,10639.0,2158327.0,198.6,807407.0,940906,157028.0,1077515.0,855.0
201,202,Kab. Kudus,Jawa Tengah,Area 3,Jateng,9/123,110514,126837,75.0,848157,425.15,764591304,11318.0,2218451.95,64.24,483983.0,482340,527535.0,625288.0,458.0
202,203,Kab. Malang,Jawa Timur,Area 3,Jatim,12/378,103760,39813,70.36,2655575,3530.65,1592832074,9844.0,3018530.0,265.56,1386930.0,318425,1484577.0,82022.0,1239.0
203,204,Kab. Banyuwangi,Jawa Timur,Area 3,Jatim,28/189,83607,51801,70.62,1709241,5782.4,1322509373,7892.0,2314278.0,130.37,885676.0,165903,1019276.0,1332313.0,848.0
204,205,Kab. Mojokerto,Jawa Timur,Area 3,Jatim,5/299,82392,73716,73.83,1118182,717.83,924376463,12454.0,4179787.0,118.8,588987.0,149686,645787.0,784435.0,588.0
205,206,Kab. Bojonegoro,Jawa Timur,Area 3,Jatim,11/419,78047,62453,69.04,1300608,2198.79,890015652,9926.0,2016780.0,161.1,689890.0,150475,730803.0,901159.0,459.0
206,207,Kab. Jember,Jawa Timur,Area 3,Jatim,22/226,77234,31516,67.11,2537856,3092.34,1644233797,9090.0,2355662.0,247.99,1243242.0,273294,1326069.0,1668280.0,1000.0
207,208,Kota Malang,Jawa Timur,Area 3,Jatim,57/-,72773,83581,81.45,842783,145.28,810812876,16158.0,4375000.0,38.77,437737.0,607673,666177.0,666177.0,893.0
208,209,Kab. Tuban,Jawa Timur,Area 3,Jatim,17/311,65016,55437,68.4,1196985,1834.15,982179381,10048.0,2532234.0,187.13,627296.0,525075,602120.0,730641.0,534.0
209,210,Kab. Banyumas,Jawa Tengah,Area 3,Jateng,30/301,53949,31866,71.98,1778045,1335.3,1317798068,11703.0,1900000.0,225.84,824866.0,236360,977022.0,1335264.0,819.0
210,211,Kab. Semarang,Jawa Tengah,Area 3,Jateng,27/208,49767,47226,74.1,1052067,950.21,917605364,12116.0,2229880.5,79.88,600322.0,604669,769000.0,769000.0,699.0
211,212,Kab. Sleman,Yogyakarta,Area 3,Jateng,-/86,47581,39012,83.84,1124777,574.82,947130689,15926.0,1846000.0,99.78,676334.0,815789,762571.0,909208.0,1256.0
212,213,Kab. Brebes,Jawa Tengah,Area 3,Jateng,5/292,46215,25546,66.11,1979886,1902.37,1261293035,10238.0,2810000.0,308.78,821061.0,875802,1377380.0,1377380.0,634.0
213,214,Kab. Pati,Jawa Tengah,Area 3,Jateng,5/401,43064,34189,71.77,1323161,1489.19,1131935623,10660.0,1891000.0,127.37,607706.0,126974,799372.0,963996.0,635.0
214,215,Kab. Kendal,Jawa Tengah,Area 3,Jateng,20/266,42535,43802,72.29,1017478,1118.13,921727933,11597.0,2261775.0,97.49,493062.0,547810,588347.0,728425.0,505.0
215,216,Kab. Kediri,Jawa Timur,Area 3,Jatim,1/343,41205,26174,72.05,1636421,1386.05,1176199423,10853.0,2008504.0,179.93,854801.0,182524,903495.0,1089366.0,699.0
216,217,Kab. Jombang,Jawa Timur,Area 3,Jatim,4/302,40494,32041,72.97,1317035,1115.09,1028640058,10999.0,2654095.0,125.94,670678.0,180925,753388.0,956425.0,637.0
217,218,Kab. Klaten,Jawa Tengah,Area 3,Jateng,10/391,39799,33872,75.56,1259479,658.22,1175695180,12074.0,1947821.16,151.83,606253.0,176958,744937.0,868232.0,628.0
218,219,Kab. Lamongan,Jawa Timur,Area 3,Jatim,4/302,39734,33415,72.58,1343138,1782.05,1111233893,11108.0,2423724.0,164.68,634816.0,165727,735618.0,902724.0,564.0
219,220,Kab. Tulungagung,Jawa Timur,Area 3,Jatim,14/257,39215,37733,73.0,1088748,1055.65,1087050427,10455.0,1958844.0,76.4,561390.0,607046,666915.0,801848.0,525.0
220,221,Kab. Sragen,Jawa Tengah,Area 3,Jateng,12/196,37836,42488,73.95,975924,941.54,1006988298,12720.0,1815914.85,119.38,458856.0,108082,560972.0,675058.0,455.0
221,222,Kab. Karanganyar,Jawa Tengah,Area 3,Jateng,15/162,37013,41751,75.86,930936,775.44,924285617,11569.0,1989000.0,91.72,484423.0,498625,523005.0,614666.0,521.0
222,223,Kab. Sukoharjo,Jawa Tengah,Area 3,Jateng,17/150,36927,41403,76.98,906560,489.12,867256150,11557.0,1938000.0,68.89,454419.0,567341,576129.0,669334.0,672.0
223,224,Kab. Blitar,Jawa Timur,Area 3,Jatim,28/220,36447,31402,70.58,1222718,1336.48,1067772656,10863.0,1954705.0,108.55,652531.0,160401,681104.0,981069.0,534.0
224,225,Kab. Tegal,Jawa Tengah,Area 3,Jateng,6/281,35232,24455,68.39,1598123,876.1,1097564744,9798.0,1896000.0,117.5,644978.0,148969,878027.0,1069100.0,588.0
225,226,Kab. Probolinggo,Jawa Timur,Area 3,Jatim,5/325,34020,29114,66.07,1151510,1696.21,945721138,10700.0,2503265.0,218.35,607717.0,81528,637750.0,790269.0,343.0
226,227,Kab. Sumenep,Jawa Timur,Area 3,Jatim,4/330,33299,30580,66.43,1123409,1998.54,1106373716,8722.0,1954705.0,220.23,651507.0,72948,604487.0,820692.0,375.0
227,228,Kab. Boyolali,Jawa Tengah,Area 3,Jateng,6/261,32704,33209,74.25,1061686,1008.45,966489944,13079.0,1942500.0,100.59,549582.0,114448,569978.0,693275.0,539.0
228,229,Kab. Lumajang,Jawa Timur,Area 3,Jatim,7/198,32691,31362,65.46,1118224,1790.9,920012364,8931.0,1982295.0,102.6,533458.0,92600,578931.0,716946.0,416.0
229,230,Kab. Magelang,Jawa Tengah,Area 3,Jateng,5/367,32491,25175,69.87,1298832,1102.93,997304689,9387.0,2042200.0,146.34,741284.0,654135,834028.0,834028.0,564.0
230,231,Kab. Jepara,Jawa Tengah,Area 3,Jateng,11/184,30231,24032,71.99,1183920,1059.25,948599557,10609.0,2040000.0,91.14,634386.0,616295,823910.0,823910.0,637.0
231,232,Kab. Wonogiri,Jawa Tengah,Area 3,Jateng,43/251,29047,30273,70.25,1042150,1793.67,1084170043,9426.0,1797000.0,104.37,557865.0,472194,614020.0,714340.0,481.0
232,233,Kab. Kebumen,Jawa Tengah,Area 3,Jateng,11/449,27944,23326,69.81,1349411,1211.74,1206245637,9066.0,1835000.0,211.09,595203.0,656379,697223.0,943912.0,537.0
233,234,Kab. Grobogan,Jawa Tengah,Area 3,Jateng,7/273,27291,19808,69.87,1454653,2013.86,1054010287,10350.0,1830000.0,172.26,710909.0,646458,793527.0,958694.0,591.0
234,235,Kab. Nganjuk,Jawa Timur,Area 3,Jatim,20/264,26665,25284,71.72,1102875,1224.25,1005432269,11768.0,1954705.0,122.73,540021.0,111761,598286.0,731124.0,421.0
235,236,Kab. Bantul,Jawa Tengah,Area 3,Jateng,-/75,26345,25869,80.01,984743,506.86,931996005,15517.0,1790500.0,138.66,579229.0,625056,610016.0,735376.0,743.0
236,237,Kab. Demak,Jawa Tengah,Area 3,Jateng,6/243,26184,22518,72.22,1202929,900.12,875987653,10344.0,2810000.0,146.87,574602.0,577369,783762.0,783762.0,465.0
237,238,Kab. Blora,Jawa Tengah,Area 3,Jateng,24/271,25977,30031,68.84,883306,1821.59,883338891,9795.0,1834000.0,103.73,468013.0,395900,474448.0,196591.0,397.0
238,239,Kab. Pemalang,Jawa Tengah,Area 3,Jateng,11/211,25483,19560,66.32,1472616,1118.03,1130573652,8546.0,1865000.0,209.03,589786.0,124916,801259.0,1004230.0,524.0
239,240,Kab. Purbalingga,Jawa Tengah,Area 3,Jateng,15/224,24918,26679,68.97,997534,677.55,847952218,10131.0,1940800.0,149.48,469748.0,446974,686299.0,686299.0,338.0
240,241,Kab. Bangkalan,Jawa Timur,Area 3,Jatim,8/273,24676,25009,64.11,1059350,1001.44,951659130,8393.0,1954705.0,204.0,442212.0,410522,571615.0,687049.0,480.0
241,242,Kab. Pekalongan,Jawa Tengah,Area 3,Jateng,13/272,22857,25461,69.63,967794,837.0,890703494,10508.0,2018161.27,91.86,446922.0,461958,516279.0,624034.0,316.0
242,243,Kab. Temanggung,Jawa Tengah,Area 3,Jateng,23/266,21657,28053,69.57,789147,837.71,770269689,9489.0,1825200.0,77.33,343400.0,368751,507592.0,507592.0,315.0
243,244,Kab. Banjarnegara,Jawa Tengah,Area 3,Jateng,12/266,21599,23397,67.45,1016740,1023.73,914958948,9547.0,1748000.0,144.95,466173.0,447798,525889.0,686315.0,347.0
244,245,Kab. Batang,Jawa Tengah,Area 3,Jateng,9/239,21574,28070,68.65,800691,788.65,753352485,9573.0,2061700.0,70.57,387741.0,370074,566832.0,566832.0,362.0
245,246,Kab. Ponorogo,Jawa Timur,Area 3,Jatim,26/281,20499,23525,70.81,948291,1305.7,1001863677,9426.0,1913321.0,86.74,491137.0,156742,549444.0,701374.0,412.0
246,247,Kab. Ngawi,Jawa Timur,Area 3,Jatim,4/213,20434,24616,70.54,869030,1295.98,988487546,11187.0,1913321.0,128.19,474058.0,87983,485333.0,602617.0,333.0
247,248,Kab. Situbondo,Jawa Timur,Area 3,Jatim,4/132,20220,29606,67.38,684940,1669.87,761038751,9692.0,1913321.0,83.74,390052.0,63345,373249.0,455650.0,315.0
248,249,Kab. Bondowoso,Jawa Timur,Area 3,Jatim,10/209,19869,25614,66.43,775124,1525.97,862433102,10429.0,1954705.0,110.24,460888.0,68926,488334.0,473884.0,242.0
249,250,Kab. Sampang,Jawa Timur,Area 3,Jatim,6/180,19700,20125,62.7,968667,1233.08,796403646,8569.0,1913321.0,224.74,470702.0,60292,458151.0,809767.0,348.0
250,251,Kab. Rembang,Jawa Tengah,Area 3,Jateng,7/287,18934,29669,70.02,644306,887.13,734621624,10551.0,1802000.0,100.08,314797.0,278386,412226.0,412226.0,317.0
251,252,Kab. Madiun,Jawa Timur,Area 3,Jatim,8/198,18932,27731,71.73,743323,1037.58,826600103,11351.0,1913321.0,78.3,375502.0,86886,419633.0,537644.0,366.0
252,253,Kab. Gunung Kidul,Yogyakarta,Area 3,Jateng,-/144,18890,25433,69.98,746134,1485.36,887858891,9486.0,1705000.0,127.61,448155.0,357893,402586.0,529368.0,400.0
253,254,Kab. Magetan,Jawa Timur,Area 3,Jatim,28/207,18856,29979,73.92,669785,688.84,856858765,11539.0,2423724.0,65.09,364079.0,80961,381935.0,497424.0,301.0
254,255,Kab. Wonosobo,Jawa Tengah,Area 3,Jateng,29/236,18854,23851,68.22,878097,981.41,810365559,10871.0,1859000.0,137.64,405187.0,403755,629974.0,629974.0,273.0
255,256,Kab. Purworejo,Jawa Tengah,Area 3,Jateng,25/469,18673,25995,72.68,768853,1091.49,934828751,10342.0,1845000.0,84.79,378951.0,353696,420386.0,557356.0,351.0
256,257,Kab. Trenggalek,Jawa Timur,Area 3,Jatim,5/152,18553,26646,69.74,730098,1147.22,842342631,9400.0,1913321.0,81.06,400493.0,66915,422014.0,555433.0,284.0
257,258,Kab. Pamekasan,Jawa Timur,Area 3,Jatim,11/178,17043,19367,66.26,849030,792.24,809642625,8536.0,1913321.0,129.41,454970.0,72044,451546.0,652069.0,368.0
258,259,Kota Batu,Jawa Timur,Area 3,Jatim,5/019,16926,81575,75.9,212793,136.74,455694746,12466.0,2794800.0,8.12,113826.0,131166,135392.0,152948.0,182.0
259,260,Kab. Pacitan,Jawa Timur,Area 3,Jatim,5/166,15978,28774,68.39,585083,1389.92,748480938,8527.0,1913321.0,80.82,357969.0,52609,339672.0,385340.0,227.0
260,261,Kab. Kulon Progo,Yogyakarta,Area 3,Jateng,88,12017,27932,74.46,436629,586.27,663335010,10041.0,1750500.0,78.06,256632.0,244719,247529.0,312160.0,248.0
261,262,Kota Kediri,Jawa Timur,Area 3,Jatim,46/-,139253,484513,78.23,286543,63.4,582747476,11976.0,2060925.0,22.19,142122.0,188988,222760.0,222760.0,230.0
262,263,Kota Surakarta,Jawa Tengah,Area 3,Jateng,51/-,48003,92387,82.21,522598,46.01,799696465,15049.0,1956200.0,47.03,266082.0,127335,368062.0,420955.0,518.0
263,264,Kota Yogyakarta,Yogyakarta,Area 3,Jateng,45/-,36599,84732,86.61,373823,32.5,631639948,18678.0,2004000.0,31.62,243570.0,292716,282399.0,325595.0,493.0
264,265,Kota Tegal,Jawa Tengah,Area 3,Jateng,27/-,15288,61174,75.07,273572,39.68,462030024,13250.0,1925000.0,19.55,114121.0,49361,171390.0,216770.0,175.0
265,266,Kota Madiun,Jawa Timur,Area 3,Jatim,27/-,14108,79705,80.91,194922,33.92,476135673,15616.0,1954705.0,8.83,91730.0,132437,155021.0,155021.0,189.0
266,267,Kota Salatiga,Jawa Tengah,Area 3,Jateng,23/-,13316,68609,83.14,192069,57.36,427568712,15944.0,2810000.0,9.69,102053.0,136573,155902.0,155902.0,178.0
267,268,Kota Probolinggo,Jawa Timur,Area 3,Jatim,29/-,11350,47849,73.27,239396,56.67,440456818,11796.0,2319796.0,17.72,112502.0,130873,152488.0,178799.0,131.0
268,269,Kota Pekalongan,Jawa Tengah,Area 3,Jateng,27/-,10874,35409,74.98,307384,45.25,436146579,12680.0,2072000.0,22.16,146219.0,36447,179941.0,221768.0,193.0
269,270,Kota Magelang,Jawa Tengah,Area 3,Jateng,17/-,8810,72146,78.99,121273,16.06,418992998,12514.0,1853000.0,9.27,60612.0,27694,82089.0,96751.0,96.0
270,271,Kota Pasuruan,Jawa Timur,Area 3,Jatim,34/-,8289,41356,75.26,207753,35.29,412604511,12931.0,2794801.0,13.4,99441.0,121122,162554.0,162554.0,118.0
271,272,Kota Mojokerto,Jawa Timur,Area 3,Jatim,18/-,6809,52780,78.04,132181,16.47,375978526,13155.0,2456302.0,8.09,64400.0,85472,101975.0,101975.0,112.0
272,273,Kota Blitar,Jawa Timur,Area 3,Jatim,21/-,6792,47875,78.57,148896,32.57,402974374,13391.0,1954635.0,11.1,77018.0,97776,98897.0,124012.0,109.0
273,274,Kab. Bulukumba,Sulawesi Selatan,Area 4,Sulawesi,27/109,14215,33796,68.99,437841,1154.67,672997972,10513.0,3103800.0,30.0,199431.0,172444,245559.0,351431.0,295.0
274,275,Kab. Barru,Sulawesi Selatan,Area 4,Sulawesi,15/40,7271,41711,71.0,184199,1174.71,493676854,10923.0,3103800.0,14.44,70068.0,69765,103342.0,136614.0,153.0
275,276,Kota Palangka Raya,Kalimantan Tengah,Area 4,Kalimantan,30/-,18259,62601,80.77,293691,23990.0,606015976,14055.0,2931674.0,10.23,134616.0,277533,323762.0,326661.0,387.0
276,277,Kab. Nduga,Papua,Area 4,Malpua,-/248,1216,12336,31.55,106280,2168.0,573202494,3975.0,3516700.0,36.54,61100.0,697,5879.0,8051.0,1.0
277,278,Kab. Gorontalo Utara,Gorontalo,Area 4,Sulawesi,-/123,3370,29289,64.86,124704,1676.15,381954333,8921.0,2788826.0,19.56,49768.0,43188,69048.0,92351.0,43.0
278,279,Kab. Sidenreng Rappang,Sulawesi Selatan,Area 4,Sulawesi,38/68,13894,46010,71.21,320224,2506.19,588705480,12073.0,3103800.0,15.36,117843.0,143274,192137.0,243113.0,277.0
279,280,Kab. Takalar,Sulawesi Selatan,Area 4,Sulawesi,24/76,10157,34007,67.31,301087,566.51,576931979,10454.0,3103800.0,25.38,133211.0,119703,164273.0,228160.0,205.0
280,281,Kab. Deiyai,Papua,Area 4,Malpua,-/67,1388,18969,49.46,99111,537.39,457268042,4632.0,3516700.0,30.98,48243.0,74,12774.0,16831.0,1.0
281,282,Kab. Lanny Jaya,Papua,Area 4,Malpua,1/354,1828,10210,47.86,196146,2248.0,611251000,4350.0,3516700.0,68.62,111133.0,223,15309.0,16164.0,2.0
282,283,Kab. Pulang Pisau,Kalimantan Tengah,Area 4,Kalimantan,4/095,5297,41670,68.45,134246,8997.0,524333062,10047.0,2947368.0,5.21,69369.0,98303,152395.0,170824.0,96.0
283,284,Kab. Barito Utara,Kalimantan Tengah,Area 4,Kalimantan,010/093,9801,74979,70.59,154559,8300.0,512512783,9936.0,3307767.0,6.78,63346.0,126739,161503.0,178052.0,66.0
284,285,Kab. Gowa,Sulawesi Selatan,Area 4,Sulawesi,46/121,20939,27099,70.14,764809,1883.32,811842983,9394.0,3103800.0,57.68,347773.0,342450,459533.0,594148.0,535.0
285,286,Kab. Yalimo,Papua,Area 4,Malpua,-/300,1221,19508,48.34,101457,1253.0,574824986,4647.0,3516700.0,20.84,38758.0,23783,31022.0,40446.0,2.0
286,287,Kab. Sinjai,Sulawesi Selatan,Area 4,Sulawesi,13/67,10961,44898,67.6,259225,819.96,553586735,9439.0,3103800.0,22.06,110725.0,107317,145930.0,192637.0,120.0
287,288,Kab. Puncak,Papua,Area 4,Malpua,-/206,1401,12372,43.04,114488,8055.0,749381270,5378.0,3516700.0,42.43,66035.0,4117,12318.0,13438.0,1.0
288,289,Kab. Kotawaringin Timur,Kalimantan Tengah,Area 4,Kalimantan,17/168,26817,57502,71.31,429129,16796.0,772439994,11854.0,2991946.0,26.64,220036.0,191778,247838.0,307610.0,485.0
289,290,Kab. Katingan,Kalimantan Tengah,Area 4,Kalimantan,7/514,8237,48452,68.68,161969,17500.0,636084451,10548.0,2962344.0,8.23,81473.0,323518,545760.0,638244.0,103.0
290,291,Kab. Jeneponto,Sulawesi Selatan,Area 4,Sulawesi,31/82,10090,27735,64.26,401844,749.79,616181444,9114.0,3103800.0,53.24,171319.0,146592,211423.0,308151.0,249.0
291,292,Kab. Halmahera Tengah,Maluku Utara,Area 4,Malpua,0/61,2429,43595,65.42,56549,1469.93,417517843,7841.0,4200479.0,7.7,67819.5986,7650,52228.0,65873.0,7.0
292,293,Kab. Gorontalo,Gorontalo,Area 4,Sulawesi,14/191,12887,34044,68.68,393341,1750.83,622762737,9277.0,2788826.0,185.02,172213.0,49477,217400.0,302465.0,232.0
293,294,Kab. Gunung Mas,Kalimantan Tengah,Area 4,Kalimantan,13/114,5743,47894,70.81,135120,10805.0,520224021,10793.0,2936816.0,5.78,60559.0,786238,1084334.0,1329781.0,61.0
294,295,Kab. Sarmi,Papua,Area 4,Malpua,2/92,2816,69494,63.63,41262,17742.0,645243003,6600.0,3516700.0,5.7,18578.0,15076,19826.0,24536.0,26.0
295,296,Kab. Mamberamo Tengah,Papua,Area 4,Malpua,-/59,1164,24140,47.57,36230,1275.0,606244984,4462.0,3516700.0,17.72,30761.0,788,10554.0,3561.0,1.0
296,297,Kab. Bone Bolango,Gorontalo,Area 4,Sulawesi,5/160,4579,28402,69.98,162525,1984.31,461575596,10052.0,2788826.0,25.72,70883.0,22532,93465.0,127054.0,123.0
297,298,Kab. Mamuju Tengah,Sulawesi Barat,Area 4,Sulawesi,-/54,3154,23531,65.71,135027,3014.37,337153809,11111.0,2571328.0,7.95,53268.3614,49164,119834.0,102388.0,38.0
298,299,Kota Tarakan,Kalimantan Utara,Area 4,Kalimantan,20/-,36290,133963,75.83,242533,250.8,427504956,10894.0,3756825.0,17.33,120804.0,153153,39345.0,131024.0,214.0
299,300,Kab. Banggai,Sulawesi Tengah,Area 4,Sulawesi,46/291,30513,80976,70.52,362509,9672.7,820986428,9712.0,2343970.0,28.16,200140.0,151280,207026.0,263137.0,158.0
300,301,Kab. Morowali,Sulawesi Tengah,Area 4,Sulawesi,7/126,24327,200561,72.21,161474,3037.04,468016546,11159.0,2768593.0,16.5,57727.0,56175,87032.0,117328.0,97.0
301,302,Kab. Muna,Sulawesi Tenggara,Area 4,Sulawesi,26/125,6929,41466,69.02,215274,1922.16,625789665,8203.0,1102807.0,28.73,86721.0,83337,116840.0,165550.5,96.0
302,303,Kab. Halmahera Barat,Maluku Utara,Area 4,Malpua,0/169,2261,19111,65.31,132096,1704.2,465217012,7352.0,4200279.0,10.56,71879.289,31060,61330.0,79063.0,20.0
303,304,Kab. Soppeng,Sulawesi Selatan,Area 4,Sulawesi,21/49,10937,48184,68.67,234914,1359.44,592427212,9483.0,3103800.0,17.23,96629.0,88052,146578.0,180103.0,210.0
304,305,Kab. Toraja Utara,Sulawesi Selatan,Area 4,Sulawesi,40/111,9596,41504,69.33,260833,1151.47,509432943,8097.0,3103800.0,27.88,104796.0,86892,144677.0,206620.0,113.0
305,306,Kab. Bantaeng,Sulawesi Selatan,Area 4,Sulawesi,21/46,8781,46801,68.73,196463,395.83,478709520,11632.0,3103800.0,16.84,199431.0,77363,104061.0,157857.0,118.0
306,307,Kab. Jayapura,Papua,Area 4,Malpua,5/139,16429,124650,71.69,398712,11157.15,639644647,9898.0,3516700.0,16.61,63741.0,165537,233463.0,263222.0,116.0
307,308,Kab. Bone,Sulawesi Selatan,Area 4,Sulawesi,44/328,36035,47502,66.06,800748,4559.0,1015212018,8963.0,3103800.0,81.33,322096.0,313918,460348.0,625454.0,489.0
308,309,Kab. Kapuas,Kalimantan Tengah,Area 4,Kalimantan,17/214,16609,46289,69.48,410680,14999.0,795355088,11051.0,2909962.0,18.17,166956.0,145410,257097.0,305274.0,176.0
309,310,Kab. Tana Toraja,Sulawesi Selatan,Area 4,Sulawesi,47/112,7480,31965,68.75,280541,2054.3,549165995,7217.0,3103800.0,28.41,121006.0,88043,155079.0,203656.0,90.0
310,311,Kab. Kepulauan Selayar,Sulawesi Selatan,Area 4,Sulawesi,7/81,6443,47504,67.38,136818,10503.69,568560531,8970.0,3103800.0,17.04,62702.0,50746,74954.0,96447.0,53.0
311,312,Kab. Siau Tagulandang Biaro,Sulawesi Utara,Area 4,Sulawesi,93,2367,35642,67.64,71564,275.86,368894458,8080.0,3310000.0,5.95,33638.0,24927,38466.0,56826.0,28.0
312,313,Kab. Wakatobi,Sulawesi Tenggara,Area 4,Sulawesi,26/75,4357,45433,69.48,111149,559.54,448618554,9204.0,1368288.0,13.75,43727.0,43475,67475.0,165550.5,32.0
313,314,Kota Makassar,Sulawesi Selatan,Area 4,Sulawesi,153/-,178430,116875,82.25,1425004,175.77,1286419315,16873.0,3191572.0,69.98,592517.0,915808,999646.0,1145348.0,1985.0
314,315,Kab. Merauke,Papua,Area 4,Malpua,11/179,16009,70398,70.09,230679,44071.0,1138620943,10097.0,3516700.0,22.89,113621.0,90635,121082.0,141295.0,132.0
315,316,Kab. Luwu,Sulawesi Selatan,Area 4,Sulawesi,20/207,15658,43250,70.51,365842,3000.25,659004993,10014.0,3103800.0,46.04,152169.0,133605,198931.0,286324.0,199.0
316,317,Kab. Jayawijaya,Papua,Area 4,Malpua,4/328,8340,38275,58.03,269300,7030.66,674896830,7441.0,3516700.0,81.71,136768.0,58369,104327.0,120207.0,34.0
317,318,Kab. Ketapang,Kalimantan Barat,Area 4,Kalimantan,9/253,27509,53646,67.17,569630,31240.74,1044411014,9163.0,2860323.0,53.45,45270.0,222390,292720.0,350707.0,337.0
318,319,Kab. Pinrang,Sulawesi Selatan,Area 4,Sulawesi,39/69,19630,52053,71.26,404228,1961.77,675600723,11844.0,3103800.0,33.56,151266.0,190709,246399.0,334102.0,295.0
319,320,Kab. Luwu Utara,Sulawesi Selatan,Area 4,Sulawesi,7/166,13047,41700,69.57,323153,7502.58,626246756,11562.0,3103800.0,42.2,147318.0,118203,175999.0,247800.0,128.0
320,321,Kab. Kubu Raya,Kalimantan Barat,Area 4,Kalimantan,0/117,29116,50258,67.95,608365,6958.22,729912591,8709.0,2433000.0,25.9,20576.0,297161,336435.0,407051.0,409.0
321,322,Kab. Bulungan,Kalimantan Utara,Area 4,Kalimantan,7/074,18265,128514,71.1,151591,139252.72,526600151,9121.0,3109313.0,13.08,63406.0,80113,103083.0,122103.0,90.0
322,323,Kab. Tambrauw,Papua Barat,Area 4,Malpua,-/216,236,17018,53.45,28126,11529.18,470637002,4998.0,3184225.0,4.59,6659.118,2254,9909.0,12608.0,1.0
323,324,Kab. Kolaka,Sulawesi Tenggara,Area 4,Sulawesi,35/100,26456,130900,73.45,237334,3283.59,555034971,12515.0,1807108.0,23.76,94519.0,109473,140465.0,165550.5,105.0
324,325,Kab. Mamberamo Raya,Papua,Area 4,Malpua,-/60,1665,69146,51.78,36230,23813.91,675263568,4581.0,3516700.0,6.98,10466.0,811,10857.0,18434.0,3.0
325,326,Kab. Banggai Kepulauan,Sulawesi Tengah,Area 4,Sulawesi,3/141,4037,34096,65.42,119889,2488.79,446343684,7545.0,2390739.0,16.7,63278.0,33587,52586.0,69133.0,39.0
326,327,Kota Manado,Sulawesi Utara,Area 4,Sulawesi,87/-,37387,86217,78.93,452150,157.27,718105042,13886.0,3310000.0,25.55,171155.0,284622,335246.0,356579.0,734.0
327,328,Kab. Minahasa Utara,Sulawesi Utara,Area 4,Sulawesi,6/126,13819,67864,73.9,224740,918.49,478884543,11405.0,3310000.0,14.33,88401.0,110279,143931.0,167802.0,237.0
328,329,Kab. Halmahera Selatan,Maluku Utara,Area 4,Malpua,0/249,7226,30739,63.84,248142,8148.9,702340036,7068.0,4200479.0,12.41,141100.7325,52555,99820.0,147222.0,40.0
329,330,Kab. Buton Tengah,Sulawesi Tenggara,Area 4,Sulawesi,77,2370,25456,64.37,114520,958.31,344201396,7221.0,942427.0,14.4,36628.0,40534,57140.0,165550.5,118.0
330,331,Kab. Sekadau,Kalimantan Barat,Area 4,Kalimantan,0/87,6449,31995,64.76,211306,5444.2,469758743,7434.0,2461000.0,11.92,37886.0,58230,94348.0,111101.0,95.0
331,332,Kab. Bolaang Mongondow Timur,Sulawesi Utara,Area 4,Sulawesi,-/81,2879,39761,65.99,87988,910.18,329834100,8998.0,3310000.0,4.3,34770.0,35248,48490.0,57591.0,39.0
332,333,Kab. Buton Selatan,Sulawesi Tenggara,Area 4,Sulawesi,70,2937,36356,64.93,95008,509.92,339720973,7263.0,1864454.0,11.5,30615.0,26023,47800.0,165550.5,118.0
333,334,Kab. Bolaang Mongondow,Sulawesi Utara,Area 4,Sulawesi,2/200,8010,32325,67.89,248498,2871.65,520863307,10128.0,3310000.0,18.07,111901.0,84566,124991.0,160575.0,111.0
334,335,Kab. Maros,Sulawesi Selatan,Area 4,Sulawesi,23/80,22718,64335,69.86,392008,1619.12,675113981,10963.0,3103800.0,34.62,151722.0,194610,226897.0,306810.0,370.0
335,336,Kota Kotamobagu,Sulawesi Utara,Area 4,Sulawesi,18/15,3695,28777,72.97,123469,68.06,361109537,10744.0,3310000.0,7.06,61109.0,65503,78963.0,93459.0,128.0
336,337,Kab. Mempawah,Kalimantan Barat,Area 4,Kalimantan,7/060,8304,31427,65.74,301794,2797.88,542270990,7801.0,2422594.26,13.18,10154.0,19793,154075.0,197542.0,213.0
337,338,Kab. Bolaang Mongondow Selatan,Sulawesi Utara,Area 4,Sulawesi,-/81,2084,31540,65.0,69538,1615.86,333549036,8837.0,3310000.0,8.53,28510.0,21005,31317.0,43023.0,35.0
338,339,Kab. Maybrat,Papua Barat,Area 4,Malpua,1/259,737,18029,59.52,42738,5461.69,410834045,5336.0,3184225.0,12.8,22676.1725,7628,22726.0,26647.0,5.0
339,340,Kab. Malinau,Kalimantan Utara,Area 4,Kalimantan,0/109,10646,117790,71.94,82257,42620.7,785670193,9611.0,3185837.0,6.16,39203.0,41930,53295.0,63791.0,83.0
340,341,Kab. Kepulauan Sangihe,Sulawesi Utara,Area 4,Sulawesi,22/145,4248,32388,70.73,139009,461.11,504778603,11427.0,3310000.0,14.64,64335.0,47996,78483.0,101319.0,40.0
341,342,Kab. Halmahera Timur,Maluku Utara,Area 4,Malpua,0/102,3500,36841,66.75,91454,6571.37,449275611,7876.0,4200479.0,14.97,51004.926,8002,48663.0,62637.0,20.0
342,343,Kab. Minahasa Tenggara,Sulawesi Utara,Area 4,Sulawesi,9/135,5112,47821,70.51,116070,710.83,388590506,10408.0,3310000.0,13.73,49627.0,49843,59928.0,78888.0,64.0
343,344,Kab. Pegunungan Bintang,Papua,Area 4,Malpua,-/277,1916,25275,45.44,77619,15682.0,780715539,5409.0,3516700.0,23.03,46491.0,7129,16277.0,16983.0,3.0
344,345,Kab. Morowali Utara,Sulawesi Tengah,Area 4,Sulawesi,3/122,11767,91700,68.36,120536,10004.28,541152527,8985.0,2307159.0,18.38,67436.0,45801,66152.0,89374.0,118.0
345,346,Kab. Kepulauan Tanimbar,Maluku,Area 4,Malpua,2/080,2687,23778,62.86,123319,4466.0,529865897,6297.0,4200279.0,30.74,56787.0,23909,52858.0,83168.0,39.0
346,347,Kab. Barito Selatan,Kalimantan Tengah,Area 4,Kalimantan,07/086,6363,46512,70.22,130887,8830.0,527224632,11486.0,3244837.0,6.12,66311.0,56290,77794.0,92833.0,64.0
347,348,Kab. Kayong Utara,Kalimantan Barat,Area 4,Kalimantan,0/43,4144,36761,62.68,126318,4568.26,449210743,7842.0,2714750.0,10.9,60535.0,10483,58767.0,88820.0,88.0
348,349,Kab. Maluku Tenggara,Maluku,Area 4,Malpua,1/190,3231,32374,66.2,121258,1031.81,461412381,7545.0,4200279.0,22.59,46185.0,81364,55369.0,81364.0,38.0
349,350,Kab. Dogiyai,Papua,Area 4,Malpua,-/79,1310,13386,54.84,115953,4237.4,462198879,5373.0,3516700.0,28.31,57691.0,443,7224.0,7170.0,7.0
350,351,Kab. Maluku Barat Daya,Maluku,Area 4,Malpua,1/117,1656,22646,61.9,81675,4581.06,535779323,6890.0,4200279.0,21.37,36482.0,41600,33842.0,41600.0,7.0
351,352,Kab. Minahasa Selatan,Sulawesi Utara,Area 4,Sulawesi,10/167,8601,40824,72.11,236210,1409.97,512617579,11481.0,3310000.0,19.38,103336.0,104453,138919.0,177422.0,149.0
352,353,Kab. Bolaang Mongondow Utara,Sulawesi Utara,Area 4,Sulawesi,1/106,2488,30976,66.99,82859,1680.0,354425767,9062.0,3310000.0,6.82,35832.0,29772,41192.0,53649.0,38.0
353,354,Kab. Kolaka Utara,Sulawesi Tenggara,Area 4,Sulawesi,6/127,8674,57511,69.31,137406,3391.67,461923459,10218.0,1323610.0,19.83,81413.0,68144,85057.0,165550.5,48.0
354,355,Kab. Sambas,Kalimantan Barat,Area 4,Kalimantan,0/193,20583,38422,67.03,628878,6716.52,818348874,9858.0,2580000.0,41.41,14261.0,38201,338305.0,425377.0,372.0
355,356,Kab. Minahasa,Sulawesi Utara,Area 4,Sulawesi,43/227,17120,50178,75.29,347524,1114.87,628991615,12395.0,3310000.0,24.95,158771.0,183580,233812.0,279231.0,352.0
356,357,Kab. Asmat,Papua,Area 4,Malpua,-/221,2470,25332,50.55,109852,31983.69,828103071,5733.0,3516700.0,25.12,50813.0,5551,11852.0,12865.0,7.0
357,358,Kab. Balangan,Kalimantan Selatan,Area 4,Kalimantan,3/154,11040,84003,68.82,130102,1878.3,354448216,11452.0,2877448.0,7.06,65072.0,14485,74658.0,94963.0,66.0
358,359,Kota Parepare,Sulawesi Selatan,Area 4,Sulawesi,22/-,7230,49804,77.86,151201,99.33,439708311,13663.0,3103800.0,7.96,62183.0,92148,102436.0,125487.0,176.0
359,360,Kab. Sintang,Kalimantan Barat,Area 4,Kalimantan,16/390,14726,35163,66.88,421540,21638.2,847220789,8728.0,2596644.3,39.19,76885.0,26502,203961.0,271923.0,224.0
360,361,Kab. Polewali Mandar,Sulawesi Barat,Area 4,Sulawesi,23/144,13369,30208,63.84,478768,1775.65,676178238,8580.0,2571328.0,68.18,214099.7976,167400,119834.0,342480.0,230.0
361,362,Kab. Kapuas Hulu,Kalimantan Barat,Area 4,Kalimantan,4/278,10286,39078,65.69,252356,29842.0,903455857,7162.0,2483000.0,23.93,140106.0,26626,132621.0,169220.0,108.0
362,363,Kab. Konawe Selatan,Sulawesi Tenggara,Area 4,Sulawesi,15/336,12105,38455,68.2,308758,5779.47,675526307,9037.0,1396578.0,34.22,149547.0,119191,157124.0,165550.5,158.0
363,364,Kab. Konawe Kepulauan,Sulawesi Tenggara,Area 4,Sulawesi,96,1384,40457,65.41,36797,867.58,306193542,67.0,1640960.0,5.88,14921.0,10909,17841.0,165550.5,118.0
364,365,Kab. Pangkajene dan Kepulauan,Sulawesi Selatan,Area 4,Sulawesi,38/65,25990,77464,68.72,346009,1236.27,715539546,11405.0,3255000.0,47.12,139173.0,142786,196441.0,266664.0,235.0
365,366,Kota Palu,Sulawesi Tengah,Area 4,Sulawesi,46/-,24816,63405,81.47,373452,395.06,650829309,15074.0,2390739.0,26.89,202467.0,252690,265113.0,316987.0,420.0
366,367,Kota Palopo,Sulawesi Selatan,Area 4,Sulawesi,48/-,7942,43022,78.06,184428,247.52,498865870,12995.0,3103800.0,14.71,72250.0,113685,124239.0,158213.0,191.0
367,368,Kab. Mappi,Papua,Area 4,Malpua,2/162,2954,28595,58.15,108042,24118.0,708296596,6353.0,3516700.0,26.91,45299.0,9422,22014.0,25621.0,9.0
368,369,Kab. Murung Raya,Kalimantan Tengah,Area 4,Kalimantan,9/116,8280,68549,67.98,111274,23700.0,623153023,10419.0,3205291.0,7.18,53459.0,42685,60553.0,67635.0,40.0
369,370,Kota Baubau,Sulawesi Tenggara,Area 4,Sulawesi,43/-,9044,52644,75.9,158995,221.0,497754032,10483.0,1361006.0,12.53,74444.0,85962,101737.0,165550.5,82.0
370,371,Kab. Halmahera Utara,Maluku Utara,Area 4,Malpua,0/196,5623,29009,67.5,197385,3896.9,455192353,7414.0,4200479.0,8.75,110485.548,15847,88453.0,113552.0,53.0
371,372,Kab. Konawe,Sulawesi Tenggara,Area 4,Sulawesi,57/297,9013,35386,71.35,256758,4435.28,669706539,10126.0,1844032.0,31.63,114515.0,100945,141098.0,165550.5,159.0
372,373,Kab. Yahukimo,Papua,Area 4,Malpua,1/510,2420,12679,49.37,351114,17152.0,706692026,4875.0,3516700.0,71.76,108033.0,16907,41892.0,54300.0,3.0
373,374,Kab. Berau,Kalimantan Timur,Area 4,Kalimantan,10/100,39051,168114,74.71,247782,21240.0,558818045,12018.0,3386593.0,12.3,110963.0,145342,170801.0,194719.0,162.0
374,375,Kab. Enrekang,Sulawesi Selatan,Area 4,Sulawesi,17/112,7298,35362,72.76,224919,1786.01,506950764,10844.0,3103800.0,25.25,94251.0,89776,126285.0,173598.0,96.0
375,376,Kab. Buton Utara,Sulawesi Tenggara,Area 4,Sulawesi,90,3132,48880,67.87,66400,1864.91,392967034,747.0,1300328.0,9.13,29144.0,21605,34056.0,165550.5,12.0
376,377,Kota Tomohon,Sulawesi Utara,Area 4,Sulawesi,44/-,4291,40139,76.69,100334,114.2,402379553,11745.0,3310000.0,6.06,46336.0,57713,67960.0,77939.0,104.0
377,378,Kab. Landak,Kalimantan Barat,Area 4,Kalimantan,0/156,10583,28050,65.98,397844,8915.1,614704644,7357.0,2549844.0,42.36,108530.0,35686,165016.0,219647.0,164.0
378,379,Kab. Toli-Toli,Sulawesi Tengah,Area 4,Sulawesi,6/103,8545,36239,65.69,224901,4079.77,588276474,8017.0,2390739.0,30.51,113898.0,85136,114334.0,154687.0,74.0
379,380,Kota Gorontalo,Gorontalo,Area 4,Sulawesi,50/-,8456,38540,77.13,198286,79.59,492892141,12278.0,2788826.0,12.46,91182.0,46605,136899.0,163299.0,236.0
380,381,Kab. Majene,Sulawesi Barat,Area 4,Sulawesi,20/62,4973,28601,66.91,174154,947.84,496316515,10056.0,2678000.0,24.12,79802.1984,59473,119834.0,124222.0,86.0
381,382,Kab. Nabire,Papua,Area 4,Malpua,9/27,11099,73844,68.83,168883,11112.61,673300440,8840.0,3516700.0,36.75,77263.0,70432,103842.0,117348.0,66.0
382,383,Kab. Lamandau,Kalimantan Tengah,Area 4,Kalimantan,3/085,5489,66385,70.51,97358,6414.0,427114478,11190.0,3130152.0,2.61,41232.0,48668,62569.0,69697.0,45.0
383,384,Kab. Banggai Laut,Sulawesi Tengah,Area 4,Sulawesi,3/63,2437,32493,65.43,70182,725.67,390476710,7810.0,2390739.0,11.09,36528.0,18946,31913.0,36216.0,118.0
384,385,Kab. Fakfak,Papua Barat,Area 4,Malpua,7/142,5316,67562,68.36,84944,14320.0,650432018,7599.0,3184225.0,17.72,36637.1425,36658,51001.0,54063.0,42.0
385,386,Kab. Banjar,Kalimantan Selatan,Area 4,Kalimantan,13/277,16615,28254,69.18,564608,4668.0,689489862,12603.0,2877448.0,15.12,300296.0,275626,332009.0,430539.0,452.0
386,387,Kab. Kutai Barat,Kalimantan Timur,Area 4,Kalimantan,4/190,28865,195009,71.19,172035,20381.59,557072217,9712.0,3386593.0,13.78,72552.0,82376,118098.0,142408.0,126.0
387,388,Kab. Tolikara,Papua,Area 4,Malpua,4/541,1594,11461,49.5,236733,5588.13,693480031,4826.0,3516700.0,44.88,89530.0,4372,51936.0,58425.0,3.0
388,389,Kab. Bengkayang,Kalimantan Barat,Area 4,Kalimantan,2/122,8729,34195,67.87,286113,5075.48,550462013,9102.0,2566019.0,17.11,111666.0,105454,140136.0,182515.0,170.0
389,390,Kota Jayapura,Papua,Area 4,Malpua,25/14,32607,108619,79.94,165918,935.92,593754625,14763.0,3516700.0,33.8,146739.0,81150,95912.0,105238.0,313.0
390,391,Kab. Kepulauan Sula,Maluku Utara,Area 4,Malpua,0/78,2500,24298,63.53,103829,3304.32,456604857,6950.0,4200479.0,8.81,50249.3872,23780,46060.0,58766.0,14.0
391,392,Kab. Seram Bagian Barat,Maluku,Area 4,Malpua,0/92,3002,17497,65.62,209603,5033.38,567548852,8690.0,2604000.0,43.15,84595.0,49945,90297.0,116492.0,47.0
392,393,Kab. Konawe Utara,Sulawesi Tenggara,Area 4,Sulawesi,11/159,3926,61524,69.86,67618,5101.76,430241971,9165.0,1450700.0,8.78,28376.0,27676,37236.0,165550.5,28.0
393,394,Kab. Melawi,Kalimantan Barat,Area 4,Kalimantan,0/169,5187,24885,65.55,228017,10640.8,559720948,8332.0,2434000.0,25.34,45939.0,54682,89024.0,108164.0,55.0
394,395,Kab. Paniai,Papua,Area 4,Malpua,5/216,4183,23577,56.31,220147,6525.25,550917243,6361.0,3516700.0,65.98,109495.0,6299,67194.0,101416.0,3.0
395,396,Kab. Barito Timur,Kalimantan Tengah,Area 4,Kalimantan,3/100,7549,59496,71.39,112976,3834.0,445962799,11319.0,2973171.0,7.88,68390.0,49292,71395.0,84257.0,57.0
396,397,Kab. Barito Kuala,Kalimantan Selatan,Area 4,Kalimantan,6/195,8714,27787,66.22,313255,2996.46,536423276,9805.0,2877448.0,14.25,165277.0,128000,171134.0,215869.0,179.0
397,398,Kab. Maluku Tengah,Maluku,Area 4,Malpua,6/186,8673,23228,71.25,419654,7953.81,892490766,10210.0,4200279.0,74.18,162509.0,130980,205676.0,291715.0,138.0
398,399,Kab. Hulu Sungai Selatan,Kalimantan Selatan,Area 4,Kalimantan,4/144,6604,27783,68.85,227753,1804.94,485605763,12672.0,2877448.0,12.39,121705.0,104007,166554.0,166449.0,165.0
399,400,Kab. Kepulauan Talaud,Sulawesi Utara,Area 4,Sulawesi,11/142,2210,23902,69.4,94268,1240.4,466829170,8505.0,3310000.0,8.84,55459.0,28141,47985.0,66608.0,18.0
400,401,Kab. Nunukan,Kalimantan Utara,Area 4,Kalimantan,8/232,25420,121093,65.79,198837,13841.9,499443560,6804.0,3083183.0,13.76,93532.0,97932,126621.0,166422.0,149.0
401,402,Kab. Pohuwato,Gorontalo,Area 4,Sulawesi,3/101,6623,41041,65.37,146179,4244.31,489117966,10255.0,2788826.0,28.92,64816.0,58000,119834.0,119834.0,43.0
402,403,Kab. Hulu Sungai Tengah,Kalimantan Selatan,Area 4,Kalimantan,8/161,7058,25909,68.84,258468,1472.0,489090030,12153.0,2877448.0,15.47,136185.0,103000,178557.0,178557.0,127.0
403,404,Kab. Parigi Moutong,Sulawesi Tengah,Area 4,Sulawesi,5/278,18729,38151,65.44,440249,5089.91,729168148,9808.0,2445950.0,78.76,260695.0,144089,208328.0,316263.0,236.0
404,405,Kota Bitung,Sulawesi Utara,Area 4,Sulawesi,69/-,16309,74470,74.1,224881,302.89,475308720,12193.0,3310000.0,14.18,91622.0,123307,154154.0,174037.0,190.0
405,406,Kab. Hulu Sungai Utara,Kalimantan Selatan,Area 4,Kalimantan,5/214,4954,20854,65.59,226474,892.7,457931491,9527.0,2877000.0,14.72,113205.0,92481,164489.0,164118.0,130.0
406,407,Kab. Sorong Selatan,Papua Barat,Area 4,Malpua,2/121,1915,40807,62.42,52216,6594.31,440060850,6286.0,3184225.0,8.71,23812.1943,14114,21187.0,24862.0,11.0
407,408,Kab. Mamasa,Sulawesi Barat,Area 4,Sulawesi,13/168,2974,18364,66.02,163130,3005.88,495966812,7747.0,2571328.0,21.86,76514.7768,23944,119834.0,82427.0,15.0
408,409,Kab. Boalemo,Gorontalo,Area 4,Sulawesi,-/82,5413,32406,65.91,145615,1521.88,428873901,8789.0,2788826.0,31.63,75454.0,50312,106742.0,106742.0,40.0
409,410,Kota Pontianak,Kalimantan Barat,Area 4,Kalimantan,29/-,38932,60205,79.44,657658,107.8,661544956,14465.0,2515000.0,30.7,261653.0,430597,541674.0,541674.0,662.0
410,411,Kab. Kotawaringin Barat,Kalimantan Tengah,Area 4,Kalimantan,13/81,19335,61790,72.87,270135,10759.0,604341284,13109.0,3047533.0,11.46,166183.0,151633,176562.0,222670.0,371.0
411,412,Kab. Manokwari,Papua Barat,Area 4,Malpua,9/164,10078,57532,72.01,192410,3186.28,501716434,12207.0,3516000.0,35.92,85225.2156,102397,125556.0,144052.0,125.0
412,413,Kota Kendari,Sulawesi Tenggara,Area 4,Sulawesi,64/-,22245,56628,83.53,345341,300.89,643432736,14335.0,1885078.0,17.46,171426.0,219138,245677.0,165550.5,420.0
413,414,Kab. Poso,Sulawesi Tengah,Area 4,Sulawesi,28/141,9506,37075,71.28,244622,7112.25,685769750,8936.0,2390739.0,40.2,147614.0,98784,142206.0,190665.0,159.0
414,415,Kab. Teluk Wondama,Papua Barat,Area 4,Malpua,1/75,1563,48053,60.21,41391,3959.53,426228683,8219.0,3184225.0,10.22,15049.0525,17670,22540.0,26226.0,8.0
415,416,Kab. Waropen,Papua,Area 4,Malpua,-/100,2048,64974,64.94,33690,10977.09,533813787,6732.0,3516700.0,9.44,13182.0,9939,16255.0,18127.0,7.0
416,417,Kab. Kolaka Timur,Sulawesi Tenggara,Area 4,Sulawesi,16/117,4427,22953,67.02,120446,3634.74,384572762,7727.0,1822158.0,26.38,99937.0,53767,71042.0,165550.5,33.0
417,418,Kab. Sanggau,Kalimantan Barat,Area 4,Kalimantan,16/390,19271,40982,65.77,485070,12857.8,750488162,8245.0,2515262.0,21.16,10202.0,186282,295821.0,295821.0,296.0
418,419,Kab. Buru Selatan,Maluku,Area 4,Malpua,0/79,1406,22205,64.69,75157,3780.56,405165999,7566.0,4200279.0,10.07,30160.0,10730,23789.0,41846.0,9.0
419,420,Kab. Buton,Sulawesi Tenggara,Area 4,Sulawesi,95,3806,37087,65.98,114954,1212.99,401791686,7307.0,1603404.0,13.68,42654.0,35943,57723.0,165550.5,76.0
420,421,Kab. Wajo,Sulawesi Selatan,Area 4,Sulawesi,48/142,19839,49870,69.15,379313,2056.2,681631121,12386.0,3103800.0,27.69,183804.0,165210,235547.0,312995.0,274.0
421,422,Kab. Pulau Morotai,Maluku Utara,Area 4,Malpua,0/88,1533,22782,62.5,74183,2476.0,365535460,6290.0,4200479.0,4.43,36639.7056,15280,35524.0,15280.0,16.0
422,423,Kab. Kutai Kartanegara,Kalimantan Timur,Area 4,Kalimantan,44/193,162739,207015,73.59,728355,23601.91,452961957,10720.0,3179673.0,58.42,377924.0,394732,494728.0,579299.0,697.0
423,424,Kab. Mamuju,Sulawesi Barat,Area 4,Sulawesi,13/88,11731,39993,68.15,278511,4999.69,600303844,9500.0,2571328.0,20.65,133867.053,103037,119834.0,191272.0,97.0
424,425,Kota Sorong,Papua Barat,Area 4,Malpua,52/-,15865,62389,78.45,284157,656.64,468463160,13954.0,3184225.0,38.91,112446.6408,173314,204816.0,232002.0,165.0
425,426,Kab. Pulau Taliabu,Maluku Utara,Area 4,Malpua,0/71,1452,27378,60.48,57794,22738.0,332146239,6290.0,4200479.0,3.89,33292.0,15280,32531.0,12587.0,10.0
426,427,Kab. Tojo Una-Una,Sulawesi Tengah,Area 4,Sulawesi,12/134,5713,37099,64.59,163576,5721.15,552080735,7608.0,2390739.0,25.43,83898.0,45935,73269.0,97295.0,49.0
427,428,Kab. Tana Tidung,Kalimantan Utara,Area 4,Kalimantan,0/32,5786,200017,66.97,25331,4828.58,413506614,7381.0,3113400.0,1.46,13496.0,14299,16783.0,18726.0,16.0
428,429,Kab. Sigi,Sulawesi Tengah,Area 4,Sulawesi,-/176,8987,37537,68.12,257332,5196.02,589752115,8236.0,2390739.0,30.0,123819.0,82130,119021.0,161306.0,165.0
429,430,Kota Ternate,Maluku Utara,Area 4,Malpua,77/-,10758,46132,79.82,204748,111.39,602070200,13091.0,4200479.0,8.18,99106.1904,126786,163905.0,126786.0,98.0
430,431,Kota Tidore Kepulauan,Maluku Utara,Area 4,Malpua,40/49,2899,28587,70.53,114227,1645.73,515610810,8188.0,4200479.0,6.66,63649.3284,44291,83149.0,44291.0,41.0
431,432,Kota Singkawang,Kalimantan Barat,Area 4,Kalimantan,26/0,10256,46009,71.94,234811,547.5,467470514,11650.0,2537875.0,10.23,116464.0,135330,180595.0,180595.0,233.0
432,433,Kab. Bombana,Sulawesi Tenggara,Area 4,Sulawesi,22/121,6431,34841,66.05,150453,3001.0,456475139,8234.0,1380536.0,18.84,87464.0,59094,85276.0,165550.5,64.0
433,434,Kab. Kepulauan Yapen,Papua,Area 4,Malpua,5/160,4240,41891,67.66,112423,2050.0,522738652,7484.0,3516700.0,27.04,50209.0,36630,51786.0,61730.0,16.0
434,435,Kab. Donggala,Sulawesi Tengah,Area 4,Sulawesi,9/158,12261,40317,65.56,300670,4275.08,627024200,8106.0,2390739.0,53.17,138929.0,94344,139603.0,191854.0,109.0
435,436,Kab. Keerom,Papua,Area 4,Malpua,-/91,2855,50001,66.4,61370,8390.0,502722947,8910.0,3516700.0,9.42,32095.0,18581,30874.0,33630.0,34.0
436,437,Kab. Kaimana,Papua Barat,Area 4,Malpua,2/84,2788,46303,65.0,62003,16241.84,574547299,8325.0,3184225.0,9.52,29502.1116,27828,32986.0,36567.0,14.0
437,438,Kab. Kepulauan Aru,Maluku,Area 4,Malpua,2/117,3476,36167,63.71,101984,8152.42,559785012,7586.0,4200279.0,25.45,45642.0,20966,37871.0,48558.0,14.0
438,439,Kab. Kutai Timur,Kalimantan Timur,Area 4,Kalimantan,2/139,133725,355547,73.0,434693,35747.5,571773275,10485.0,3140000.0,36.98,188148.0,254736,58961.0,254736.0,315.0
439,440,Kab. Boven Digoel,Papua,Area 4,Malpua,-/112,4892,70677,61.53,64032,27108.0,762608266,7947.0,3516700.0,13.86,35538.0,14230,27988.0,30815.0,11.0
440,441,Kab. Kotabaru,Kalimantan Selatan,Area 4,Kalimantan,4/198,24180,70658,68.86,325856,9482.73,591870214,11207.0,3034828.0,14.6,153439.0,141159,191539.0,237271.0,200.0
441,442,Kota Tual,Maluku,Area 4,Malpua,3/027,2458,32527,67.96,88027,254.39,370628836,7531.0,4200279.0,17.36,33034.0,32933,45026.0,57969.0,29.0
442,443,Kab. Sukamara,Kalimantan Tengah,Area 4,Kalimantan,3/097,4194,65175,68.03,63211,16404.0,389882723,8674.0,3088502.0,2.13,31712.0,32784,42379.0,48246.0,31.0
443,444,Kab. Seram Bagian Timur,Maluku,Area 4,Malpua,0/198,2905,25328,64.12,137719,6429.88,506174564,9453.0,4200279.0,26.69,53189.0,31756,58241.0,103395.0,18.0
444,445,Kab. Manokwari Selatan,Papua Barat,Area 4,Malpua,-/57,835,34486,59.84,35696,2812.44,322971817,5505.0,3184225.0,7.09,13452.9021,19285,23647.0,27130.0,23.5
445,446,Kab. Tabalong,Kalimantan Selatan,Area 4,Kalimantan,10/121,18047,70961,72.19,253052,3766.97,461740456,11283.0,2971632.0,14.7,125637.0,123961,158725.0,185758.0,188.0
446,447,Kab. Tanah Bumbu,Kalimantan Selatan,Area 4,Kalimantan,5/144,20065,55707,70.71,322880,5006.96,438026626,11718.0,2886366.0,16.83,160365.0,167306,201309.0,255915.0,271.0
447,448,Kab. Buru,Maluku,Area 4,Malpua,0/82,2404,16731,68.95,134985,4932.32,482604098,10316.0,4200279.0,24.42,72305.0,40893,62719.0,81275.0,54.0
448,449,Kab. Puncak Jaya,Papua,Area 4,Malpua,3/302,1407,10880,48.37,224274,4989.51,704292072,5282.0,3516700.0,46.07,76040.0,8127,45476.0,60526.0,3.0
449,450,Kab. Mahakam Ulu,Kalimantan Timur,Area 4,Kalimantan,0/50,2718,103062,67.09,32260,15315.0,453136962,7524.0,3309000.0,3.26,13203.0,11417,3859.0,11417.0,19.0
450,451,Kab. Tanah Laut,Kalimantan Selatan,Area 4,Kalimantan,5/130,13930,40507,69.38,349200,3631.35,505605530,11207.0,2877448.0,14.79,165710.0,167756,38852.0,218988.0,312.0
451,452,Kab. Pegunungan Arfak,Papua Barat,Area 4,Malpua,-/166,198,6398,56.33,37954,2773.74,349305628,5099.0,3184225.0,10.68,20204.261,3567,12924.0,14828.0,23.5
452,453,Kab. Pasang Kayu,Sulawesi Barat,Area 4,Sulawesi,4/59,10216,58552,67.27,188608,3043.75,460581283,8414.0,2571328.0,9.25,84512.169,76147,119834.0,138942.0,72.0
453,454,Kab. Teluk Bintuni,Papua Barat,Area 4,Malpua,2/115,31392,487415,64.55,86830,20840.83,505009267,9974.0,3184225.0,19.22,30021.4332,37827,48251.0,56142.0,33.0
454,455,Kab. Raja Ampat,Papua Barat,Area 4,Malpua,4/117,2949,60811,63.89,63888,8034.44,647093633,8014.0,3184225.0,8.32,22092.8202,16841,32357.0,37044.0,13.0
455,456,Kab. Buol,Sulawesi Tengah,Area 4,Sulawesi,7/108,5885,36289,67.82,145001,4043.57,485229562,8079.0,2585674.0,22.93,79299.0,44347,59210.0,88504.0,40.0
456,457,Kab. Paser,Kalimantan Timur,Area 4,Kalimantan,5/139,48176,168509,72.04,275199,7730.88,384896323,10344.0,3014000.0,26.77,137737.0,137228,94492.0,137203.0,236.0
457,458,Kab. Penajam Paser Utara,Kalimantan Timur,Area 4,Kalimantan,24/30,9087,56475,71.41,178428,3333.06,277611967,11231.0,3363809.0,11.93,74946.0,103636,12239.0,103636.0,153.0
458,459,Kota Balikpapan,Kalimantan Timur,Area 4,Kalimantan,34/-,102389,156277,80.01,687291,527.0,437726788,14549.0,3063915.0,17.02,324635.0,478364,104523.0,478364.0,986.0
459,460,Kab. Seruyan,Kalimantan Tengah,Area 4,Kalimantan,3/029,8565,41601,67.58,162653,3827.0,567765658,9370.0,3193750.0,14.53,103243.0,78480,104778.0,120563.0,122.0
460,461,Kota Ambon,Maluku,Area 4,Malpua,20/030,14839,31003,80.84,347522,298.61,635403609,14166.0,4200279.0,22.15,218302.0,219769,98316.0,242105.0,278.0
461,462,Kota Bontang,Kalimantan Timur,Area 4,Kalimantan,15/-,58479,329050,80.02,178664,406.7,231143244,16278.0,3182706.0,7.91,86891.0,124543,33427.0,124543.0,208.0
462,463,Kab. Supiori,Papua,Area 4,Malpua,-/38,1006,48564,62.3,22294,678.32,417661447,5677.0,3516700.0,7.78,9276.0,5044,9288.0,11244.0,8.0
463,464,Kab. Tapin,Kalimantan Selatan,Area 4,Kalimantan,9/126,8372,43747,70.11,189222,2700.82,426224950,11841.0,2877448.0,5.9,94390.0,86210,114476.0,131866.0,131.0
464,465,Kota Banjar Baru,Kalimantan Selatan,Area 4,Kalimantan,20/-,9744,37088,79.1,253189,371.0,421090093,13675.0,2877448.0,10.75,115983.0,171044,67591.0,182739.0,426.0
465,466,Kota Banjarmasin,Kalimantan Selatan,Area 4,Kalimantan,52/-,33042,46630,77.1,656636,72.0,674930481,14306.0,2948576.0,31.31,319572.0,422717,201377.0,464327.0,645.0
466,467,Kab. Sorong,Papua Barat,Area 4,Malpua,26/226,11082,124617,65.74,118426,6544.23,502914153,7495.0,3184225.0,24.89,42643.7364,51881,70618.0,92208.0,46.0
467,468,Kab. Biak Numfor,Papua,Area 4,Malpua,14/254,5476,35932,72.19,134397,2602.0,544038318,9705.0,3516700.0,38.02,64959.0,46188,68314.0,81077.0,60.0
468,469,Kab. Luwu Timur,Sulawesi Selatan,Area 4,Sulawesi,3/124,20997,70066,73.22,296975,6944.88,512404165,12814.0,3103800.0,20.82,131634.0,106599,158721.0,227700.0,165.0
469,470,Kab. Mimika,Papua,Area 4,Malpua,19/133,54832,249588,74.19,312203,21633.0,563432699,11431.0,3516700.0,31.75,102942.0,155423,178997.0,206384.0,188.0
470,471,Kota Samarinda,Kalimantan Timur,Area 4,Kalimantan,59/-,68571,78567,80.11,826967,783.0,675500904,11728.0,3112156.0,41.92,428353.0,552545,620305.0,695398.0,974.0
471,472,Kab. Muna Barat,Sulawesi Tenggara,Area 4,Sulawesi,86,2589,18676,65.08,84337,1022.89,341651382,7485.0,1161283.0,11.32,31932.0,21067,38241.0,165550.5,118.0
472,473,Kab. Timor Tengah Selatan,Nusa Tenggara Timur,Area 5,Balnus,12/266,7938,16963,62.15,455644,3947.0,716929579,6861.0,1950000.0,128.98,331364.0,82211,144266.0,266874.0,103.0
473,474,Kab. Klungkung,Bali,Area 5,Balnus,6/53,9120,50927,71.73,206672,315.0,505586391,11376.0,2538000.0,8.76,101058.0,102428,121697.0,138759.0,186.0
474,475,Kab. Sikka,Nusa Tenggara Timur,Area 5,Balnus,13/147,5124,15992,65.11,322187,1731.9,590110914,8081.0,1950000.0,42.18,237911.0,100658,129837.0,249581.0,105.0
475,476,Kab. Sumbawa,Nusa Tenggara Barat,Area 5,Balnus,8/157,14811,32363,67.61,509987,6643.98,792884646,9146.0,2201613.0,62.88,230507.0,190068,282234.0,377080.0,312.0
476,477,Kab. Bangli,Bali,Area 5,Balnus,4/68,6999,30794,69.36,258468,490.71,538001454,11268.0,2494810.0,9.56,143650.0,111241,143816.0,163773.0,181.0
477,478,Kab. Buleleng,Bali,Area 5,Balnus,19/129,35509,53756,72.55,790786,1364.73,910488837,13463.0,2538000.0,35.25,362851.0,340285,448968.0,587225.0,503.0
478,479,Kab. Tabanan,Bali,Area 5,Balnus,-/133,23886,53590,76.17,461864,1013.88,763334805,14494.0,2625216.0,19.11,265435.0,293464,293464.0,335059.0,425.0
479,480,Kab. Gianyar,Bali,Area 5,Balnus,6/64,28581,55804,77.36,515578,368.0,652219599,14544.0,2627000.0,21.01,270591.0,298622,335372.0,389269.0,556.0
480,481,Kab. Karangasem,Bali,Area 5,Balnus,3/75,17107,41060,67.35,492636,839.54,716253373,10237.0,2555469.0,24.69,252869.0,183909,245805.0,341084.0,273.0
481,482,Kota Mataram,Nusa Tenggara Barat,Area 5,Balnus,50/-,19484,40032,78.91,429885,61.3,582765685,14968.0,2184485.0,41.8,244766.0,263220,271708.0,361709.0,453.0
482,483,Kab. Belu,Nusa Tenggara Timur,Area 5,Balnus,12/69,4481,20356,62.68,217720,1284.97,476169938,7479.0,1950000.0,34.18,156101.0,68944,89921.0,147608.0,97.0
483,484,Kab. Badung,Bali,Area 5,Balnus,16/46,62795,93692,81.6,548425,418.62,335170598,17503.0,2930092.0,13.75,367619.0,372994,394327.0,422515.0,1612.0
484,485,Kab. Lombok Timur,Nusa Tenggara Barat,Area 5,Balnus,15/239,20306,16913,66.3,1324213,1230.76,1091094297,9409.0,2184197.0,183.84,582812.0,499795,639742.0,966522.0,577.0
485,486,Kab. Jembrana,Bali,Area 5,Balnus,10/41,14162,50919,72.36,317298,841.8,525591005,11790.0,2557102.0,12.6,158203.0,148606,189634.0,241117.0,255.0
486,487,Kab. Alor,Nusa Tenggara Timur,Area 5,Balnus,17/158,3055,14860,61.33,211619,2864.6,572919255,6786.0,1950000.0,43.55,147051.0,59455,80247.0,124619.0,93.0
487,488,Kab. Manggarai Timur,Nusa Tenggara Timur,Area 5,Balnus,17/159,3212,11183,60.85,275350,2642.93,491172097,5818.0,1950000.0,76.69,196862.0,40802,75681.0,175749.0,47.0
488,489,Kab. Bima,Nusa Tenggara Barat,Area 5,Balnus,-/191,11645,23834,66.3,514339,3405.63,846199889,8468.0,2229880.0,71.32,248447.0,148628,248843.0,394507.0,183.0
489,490,Kota Denpasar,Bali,Area 5,Balnus,16/27,55676,58785,83.93,724287,127.78,623672157,19723.0,2770300.0,20.48,501143.0,571366,571366.0,621785.0,1451.0
490,491,Kab. Dompu,Nusa Tenggara Barat,Area 5,Balnus,9/27,7173,28433,67.84,236412,2391.54,545996418,8889.0,2187562.0,30.97,121614.0,75198,118224.0,172642.0,124.0
491,492,Kab. Ende,Nusa Tenggara Timur,Area 5,Balnus,23/255,6107,22294,67.04,270510,2046.5,599004483,9094.0,1950000.0,65.22,203648.0,86851,115576.0,202751.0,81.0
492,493,Kab. Manggarai,Nusa Tenggara Timur,Area 5,Balnus,26/145,4680,13828,64.54,313089,2096.44,561139653,7203.0,1950000.0,69.52,234012.0,81642,112070.0,232750.0,78.0
493,494,Kab. Sumba Barat,Nusa Tenggara Timur,Area 5,Balnus,11/63,2334,17998,63.53,144844,737.42,379392302,7321.0,1950000.0,36.95,88572.0,31819,42680.0,69418.0,43.0
494,495,Kab. Sumba Tengah,Nusa Tenggara Timur,Area 5,Balnus,-/65,1177,16168,61.53,85229,1868.74,333876062,6108.0,1950000.0,25.37,49396.0,14290,22687.0,41652.0,18.0
495,496,Kab. Flores Timur,Nusa Tenggara Timur,Area 5,Balnus,21/229,5252,20523,64.22,276643,1813.2,595654496,7631.0,1950000.0,27.89,186702.0,91049,123594.0,195790.0,94.0
496,497,Kab. Malaka,Nusa Tenggara Timur,Area 5,Balnus,-/127,2778,14475,60.21,183645,1160.63,430115689,5901.0,1950000.0,31.12,134158.0,41830,79016.0,133622.0,64.0
497,498,Kab. Sumba Timur,Nusa Tenggara Timur,Area 5,Balnus,16/140,6257,24207,65.52,244567,7000.5,605609005,9406.0,1950000.0,77.3,185220.0,70375,85921.0,156895.0,88.0
498,499,Kota Kupang,Nusa Tenggara Timur,Area 5,Balnus,51/-,24559,56462,79.71,442992,180.27,623856772,13337.0,1975000.0,39.72,347641.0,287506,296422.0,368629.0,288.0
499,500,Kab. Nagekeo,Nusa Tenggara Timur,Area 5,Balnus,16/97,2241,15367,65.81,159479,1416.96,414631577,8309.0,1950000.0,18.51,105599.0,38060,65438.0,102121.0,54.0
500,501,Kab. Timor Tengah Utara,Nusa Tenggara Timur,Area 5,Balnus,33/160,4083,16066,63.53,259576,2669.7,565758346,6364.0,1950000.0,56.98,181725.0,69580,101860.0,179017.0,113.0
501,502,Kota Bima,Nusa Tenggara Barat,Area 5,Balnus,38/-,4274,24699,75.81,154887,222.25,442038321,11105.0,2225000.0,14.66,94970.0,82092,93724.0,132132.0,74.0
502,503,Kab. Manggarai Barat,Nusa Tenggara Timur,Area 5,Balnus,5/164,3467,12621,63.89,256064,2397.03,502486188,7468.0,1950000.0,49.4,188310.0,60683,89558.0,170812.0,97.0
503,504,Kab. Lombok Tengah,Nusa Tenggara Barat,Area 5,Balnus,12/127,17881,18872,66.43,1033832,1095.03,957311642,9952.0,2192987.0,128.1,518563.0,407481,500386.0,763021.0,453.0
504,505,Kab. Ngada,Nusa Tenggara Timur,Area 5,Balnus,16/135,3474,21284,67.88,165001,1645.88,448202354,8865.0,1950000.0,20.62,117316.0,51134,70299.0,109130.0,67.0
505,506,Kab. Sabu Raijua,Nusa Tenggara Timur,Area 5,Balnus,5/58,1424,14623,57.02,89074,460.54,341460889,5265.0,1950000.0,30.14,68608.0,24637,29965.0,44390.0,13.0
506,507,Kab. Lombok Utara,Nusa Tenggara Barat,Area 5,Balnus,-/33,4868,22085,64.42,247147,776.25,378529590,9006.0,2186053.0,59.86,117484.0,73306,108073.0,167601.0,164.0
507,508,Kab. Sumba Barat Daya,Nusa Tenggara Timur,Area 5,Balnus,2/173,3755,10893,62.28,303884,1480.46,462481864,6372.0,1950000.0,97.81,223749.0,45033,76427.0,166545.0,67.0
508,509,Kab. Lembata,Nusa Tenggara Timur,Area 5,Balnus,7/144,1859,12993,64.74,135677,1266.0,445274975,7305.0,1950000.0,37.92,105130.0,36745,61162.0,94187.0,60.0
509,510,Kab. Lombok Barat,Nusa Tenggara Barat,Area 5,Balnus,3/119,15461,22247,68.2,720454,896.56,730289354,11304.0,2184425.0,100.25,342531.0,287120,349526.0,526440.0,400.0
510,511,Kab. Rote Ndao,Nusa Tenggara Timur,Area 5,Balnus,7/112,3136,18224,62.39,143511,1280.0,424607949,6539.0,1950000.0,48.77,129165.0,44361,61841.0,96422.0,54.0
511,512,Kab. Kupang,Nusa Tenggara Timur,Area 5,Balnus,17/160,7710,19105,64.32,366617,5434.76,635495332,7526.0,1950000.0,94.94,277213.0,103355,153091.0,251540.0,166.0
512,513,Kab. Sumbawa Barat,Nusa Tenggara Barat,Area 5,Balnus,7/57,17583,118321,71.63,145545,1849.02,376608234,11536.0,2278710.0,20.2,74262.0,76000,83356.0,117796.0,121.0
