ID;Kota_Kabupaten;Provinsi;Area;Regional;Jumlah_Kelurahan_Desa;PDRB;PDRB_Per_Kapita;Indeks_Pembangunan_Manusia;Jumlah_Penduduk;Luas_Wilayah;Dana_Alokasi_Umum;Pengeluaran_Riil_per_Kapita_ per_Tahun;Nilai_UMR;Jumlah_Penduduk_Miskin;Jumlah_Penduduk_Bekerja;Pengguna_Internet;Pemilik_Ponsel;Pengguna_Ponsel;Jumlah_Agen_Pulsa
1;Kota Sungai Penuh;Jambi;Area 1;Sumbagsel;4/65;7488;82367;75.42;96357;391.5;414326985;10248;0;2.78;41806;46893;59407;72385;37
2;Kab. Lampung Tengah;Lampung;Area 1;Lampung;10/301;71953;56156;70.16;1461172;3802.68;1259528176;11219;2442413;152.28;662539;943592;759070;1115607;705
3;Kab. Mesuji;Lampung;Area 1;Lampung;0/105;10578;52835;63.63;227265;2184;410246380;7984;2588912;14.72;95531;132091;114985;175374;71
4;Kab. Kepahiang;Bengkulu;Area 1;Sumbagsel;12/105;4321;31498;68.17;149484;665;403631660;9273;0;20.27;0;54865;80981;96905;46
5;Kab. Kerinci;Jambi;Area 1;Sumbagsel;2/285;10123;42413;71.21;250006;3355.27;570389068;9995;0;17.48;118080;28639;160714;187258;82
6;Kab. Lampung Utara;Lampung;Area 1;Lampung;15/232;24124;39105;67.67;632072;2725.87;888494843;8733;2461850;119.35;286377;388590;327835;437688;332
7;Kota Bandar Lampung;Lampung;Area 1;Lampung;126/-;59507;56593;77.44;1165039;296;1025122725;12197;2653223;93.74;475244;831424;773555;840657;986
8;Kab. Rejang Lebong;Bengkulu;Area 1;Sumbagsel;34/122;9370;35914;70.44;276392;1639.98;566437095;10234;0;41.47;0;105399;146340;192097;113
9;Kab. Pesisir Barat;Lampung;Area 1;Lampung;2/116;4649;30017;63.91;162444;2907.23;406509124;8457;2432002;22.24;73228;93156;81364;114132;70
10;Kota Gunungsitoli;Sumatera Utara;Area 1;Sumbagut;101;5514;38714;69.31;135764;280.78;408549541;7980;2603246;23.54;63815;46349;67251;96688;60
11;Kota Sibolga;Sumatera Utara;Area 1;Sumbagut;17/-;5532;63127;73.63;89331;41.31;393325325;11473;3004000;10.49;44305;43001;50546;69167;45
12;Kota Medan;Sumatera Utara;Area 1;Sumbagut;151/-;241482;105918;80.98;2436379;265.1;1560956851;14890;3222557;183.54;1134643;1369367;1599492;1948139;2512
13;Kota Tanjung Balai;Sumatera Utara;Area 1;Sumbagut;31/-;8951;51086;68.65;175774;107.83;412466823;11132;2822425;23.54;82977;72683;95592;138206;103
14;Kab. Nias;Sumatera Utara;Area 1;Sumbagut;-/170;3825;27562;61.93;146419;1842.51;419794128;6898;2560336;23.12;74942;28786;51622;81878;32
15;Kab. Nias Selatan;Sumatera Utara;Area 1;Sumbagut;3/457;6861;21449;61.89;360765;1825.2;628496268;6974;no data;53.88;165452;63645;123047;169852;54
16;Kab. Bintan;Kepulauan Riau;Area 1;Sumbagteng;15/36;21301;133630;74.13;159265;590.14;487690253;14482;3648714;10.21;51939;93450;110204;123392;251
17;Kab. Samosir;Sumatera Utara;Area 1;Sumbagut;6/128;4435;35144;70.63;136188;2069.05;422251066;8422;2648577;15.8;45588;37520;61362;87599;82
18;Kab. Seluma;Bengkulu;Area 1;Sumbagsel;20/182;4603;23752;66.89;207624;2400.44;477383614;8220;0;36.23;0;66410;100758;135296;73
19;Kota Payakumbuh;Sumatera Barat;Area 1;Sumbagteng;47/-;6829;50368;78.9;139323;85.22;423286932;13281;2913366;7.74;65892;78839;89816;115956;118
20;Kab. Lampung Selatan;Lampung;Area 1;Lampung;4/256;45108;44605;68.36;1063274;700.32;969397256;9875;2567168;143.33;445328;659934;554128;750583;600
21;Kab. Nias Barat;Sumatera Utara;Area 1;Sumbagut;-/105;1817;20955;61.51;89741;473.73;333762307;5830;no data;22.33;27785;15817;31381;46847;16
22;Kota Jambi;Jambi;Area 1;Sumbagsel;62/-;30856;51024;78.37;605173;103.54;690724772;12056;0;50.44;286387;130319;480575;480575;634
23;Kab. Tulang Bawang Barat;Lampung;Area 1;Lampung;3/093;11521;42167;65.97;285909;1201;443399456;8395;2472144;20.29;136136;171482;150531;230801;132
24;Kab. Simalungun;Sumatera Utara;Area 1;Sumbagut;27/386;38057;43849;73.25;989219;4386.6;1146405476;11308;2607089;73.64;460319;399307;599600;813215;611
25;Kab. Kaur;Bengkulu;Area 1;Sumbagsel;3/192;3524;29075;66.99;126298;2369.05;415365742;8593;0;22.57;0;37221;61035;74000;52
26;Kab. Serdang Bedagai;Sumatera Utara;Area 1;Sumbagut;6/237;27959;45360;70.24;656463;1900.22;734027202;10950;2869292;49.18;314818;191063;329677;479709;487
27;Kab. Tulang Bawang;Lampung;Area 1;Lampung;4/147;23290;51652;68.52;430255;3466.32;580505819;10863;2443413;42.43;208672;276683;245591;348357;173
28;Kab. Asahan;Sumatera Utara;Area 1;Sumbagut;27/177;37440;51303;70.29;768933;3702.21;837408029;10890;2814735;66.32;317794;260118;436096;550062;484
29;Kab. Tanjung Jabung Barat;Jambi;Area 1;Sumbagsel;20/114;43303;129676;67.54;317732;4649.85;490342499;9480;0;34.79;166179;21910;173773;220457;161
30;Kab. Merangin;Jambi;Area 1;Sumbagsel;10/205;15377;39538;69.19;354286;7679;669437069;10279;0;33.92;187523;27518;185929;218049;175
31;Kota Sabang;Aceh;Area 1;Sumbagut;-/18;1533;43948;75.78;40944;153;339726509;11273;4200479;5.27;17071;11669;11669;12827;49
32;Kota Padangsidimpuan;Sumatera Utara;Area 1;Sumbagut;37/42;6373;28730;75.22;224852;114.66;478792324;10856;2676209;16.56;120647;119233;130141;176392;131
33;Kab. Mandailing Natal;Sumatera Utara;Area 1;Sumbagut;27/380;13545;30282;66.79;473120;6134;754946034;9684;2691808;41.31;206000;105597;167558;280350;178
34;Kab. Bengkulu Selatan;Bengkulu;Area 1;Sumbagsel;16/142;5701;35992;70.63;165996;1186.1;525650342;9837;0;28.41;0;57714;92389;130128;74
35;Kota Palembang;Sumatera Selatan;Area 1;Sumbagsel;107/-;154805;93094;78.33;1669975;369.22;1235336955;14679;3270093.78;182.61;756546;862504;1126403;1288094;1680
36;Kab. Karimun;Kepulauan Riau;Area 1;Sumbagteng;29/42;13537;58149;71.44;253204;912.75;422360762;11885;3335902;15.99;249375;122592;159129;179511;314
37;Kota Metro;Lampung;Area 1;Lampung;22/0;6365;38023;77.19;168423;61.79;437364108;11906;2433381;14.31;81896;118600;112193;127174;148
38;Kab. Lampung Barat;Lampung;Area 1;Lampung;5/131;7188;23737;67.8;302373;2142.78;500613338;9929;2526546;38.12;171849;186017;164727;220038;131
39;Kab. Pringsewu;Lampung;Area 1;Lampung;5/126;11252;28116;70.3;405700;625;582828145;10262;2432002;40.12;191320;260693;191645;291769;193
40;Kab. Tapanuli Selatan;Sumatera Utara;Area 1;Sumbagut;36/212;13932;49418;70.12;301145;6030.47;609162427;11236;2903042;23.96;152658;74426;128152;190928;118
41;Kab. Nias Utara;Sumatera Utara;Area 1;Sumbagut;1/112;3516;25484;62.36;147021;1202.78;393721097;6064;2509536;34.75;66776;32802;51491;87923;40
42;Kab. Way Kanan;Lampung;Area 1;Lampung;6/221;14124;31379;67.44;473809;3921.63;626301547;9102;2617538;58.41;238736;288216;225307;342064;200
43;Kab. Tanjung Jabung Timur;Jambi;Area 1;Sumbagsel;20/73;24696;112263;64.43;229560;5445;523900364;9026;0;24.23;113773;13151;128222;158385;96
44;Kab. Tanggamus;Lampung;Area 1;Lampung;3/299;15645;26150;66.42;639248;3020.64;725176840;9250;2432002;70.37;288992;388301;303649;456525;222
44;Kota Lubuklinggau;Sumatera Selatan;Area 1;Sumbagsel;72/-;6657;28664;74.78;233913;401.5;451901335;13243;3144446;29.8;112078;107708;152096;173596;159
46;Kab. Langkat;Sumatera Utara;Area 1;Sumbagut;37/240;42515;40810;71;1029175;6262;1106713503;11071;2711000;101.87;539583;328174;544946;692183;762
47;Kab. Lebong;Bengkulu;Area 1;Sumbagsel;11/93;3346;28698;67.01;106040;1921.82;377859122;11124;0;13.97;0;35763;49174;64761;39
48;Kab. Pesawaran;Lampung;Area 1;Lampung;0/144;16403;36912;65.79;477702;2243.51;624502440;7892;2432002;66.04;207785;284772;240059;364460;245
49;Kab. Lampung Timur;Lampung;Area 1;Lampung;0/264;42541;40736;69.37;1109313;5325.03;1015031133;9983;2431150;153.57;514297;711113;600402;872361;558
50;Kota Bengkulu;Bengkulu;Area 1;Sumbagsel;67/-;23201;60241;80.36;373825;151.7;649681045;13938;0;69.12;0;246784;257942;320307;316
51;Kab. Pesisir Selatan;Sumatera Barat;Area 1;Sumbagteng;-/182;14045;30274;69.9;504652;5749.89;792358743;9212;2232852;35.46;222264;166293;249463;368402;257
52;Kota Binjai;Sumatera Utara;Area 1;Sumbagut;37/-;11700;42300;75.89;291589;59.19;544802063;10997;2614781;15.91;139445;130095;182128;205496;253
53;Kab. Toba Samosir;Sumatera Utara;Area 1;Sumbagut;13/231;7677;41788;75.16;205946;2328.89;522549596;12154;2668615;16.05;104719;80426;110838;166878;142
54;Kab. Labuhan Batu Utara;Sumatera Utara;Area 1;Sumbagut;90;24378;67007;71.61;382228;3570.98;562869404;11779;2869293;34.86;175830;106643;196527;257333;193
55;Kab. Bengkulu Utara;Bengkulu;Area 1;Sumbagsel;5/215;8253;26622;68.82;296757;4324.6;590458935;10263;0;36.67;0;104019;147526;197894;123
56;Kota Prabumulih;Sumatera Selatan;Area 1;Sumbagsel;25/12;7823;41872;74.55;192943;251.94;401337761;12723;3144446;21.83;90013;90117;114388;140671;166
57;Kab. Bengkulu Tengah;Bengkulu;Area 1;Sumbagsel;1/142;4607;40164;67.61;116453;1223.94;409476286;9392;0;10.79;0;43787;59093;81051;69
58;Kab. Padang Lawas;Sumatera Utara;Area 1;Sumbagut;1/303;11372;40435;68.25;260758;3892.74;498935494;8807;2753827;23.87;149219;64900;104365;177884;122
59;Kab. Pakpak Bharat;Sumatera Utara;Area 1;Sumbagut;-/52;1178;24077;67.59;52098;1218.3;324896653;8170;no data;4.59;29879;15355;23429;36435;32
60;Kab. Tebo;Jambi;Area 1;Sumbagsel;5/107;14621;41245;69.14;337903;6461;536524337;10389;0;22.47;176355;134940;246343;246343;160
61;Kab. Muara Enim;Sumatera Selatan;Area 1;Sumbagsel;10/245;57424;90174;68.74;611873;7383.9;620313421;10951;3144446;79.27;303651;201420;331192;393328;367
62;Kota Bukittinggi;Sumatera Barat;Area 1;Sumbagteng;24/-;8700;66524;80.58;120775;25.24;430965335;13282;2838494;6.01;62283;81432;87873;105099;105
63;Kab. Mukomuko;Bengkulu;Area 1;Sumbagsel;3/148;5160;26613;68.45;190245;4036.7;460324684;10266;0;23.1;0;73493;132634;132634;85
64;Kab. Kepulauan Anambas;Kepulauan Riau;Area 1;Sumbagteng;2/052;17434;412053;68.8;47149;144.56;376722003;11875;3501441;2.8;15390;18865;26808;35159;24
65;Kab. Dairi;Sumatera Utara;Area 1;Sumbagut;8/161;9166;32242;71.57;308998;1927.8;569042190;10350;2504195;22.93;136573;93919;149961;230339;154
66;Kab. Labuhan Batu Selatan;Sumatera Utara;Area 1;Sumbagut;54;27132;80041;71.4;314328;3596;481566736;11495;2930970;28.63;147212;107373;165426;235140;175
67;Kota Tebing Tinggi;Sumatera Utara;Area 1;Sumbagut;35/-;5924;36035;75.17;172585;31;395688258;12876;2537876;16.32;87334;76381;112419;129793;161
68;Kab. Ogan Komering Ulu Selatan;Sumatera Selatan;Area 1;Sumbagsel;7/252;8817;24417;65.3;409215;5493.94;590626515;8580;3144446;39.5;185850;90939;192130;237166;90
69;Kab. Deli Serdang;Sumatera Utara;Area 1;Sumbagut;14/380;109334;49794;75.44;1932568;2241.68;1385860252;12225;3188592;86.26;1125931;803806;1219972;1404604;1718
70;Kota Dumai;Riau;Area 1;Sumbagteng;33/-;36192;117199;74.4;317016;1623.38;437822618;11751;3383834;9.88;140600;168671;196218;262001;331
71;Kab. Penukal Abab Lematang Ilir;Sumatera Selatan;Area 1;Sumbagsel;71;7090;37362;64.7;194647;1840;297726294;8196;3144446;24.17;98473;54212;101124;119549;64
72;Kota Padang;Sumatera Barat;Area 1;Sumbagteng;104/-;62458;65685;82.82;908013;693.66;1068755501;14481;3278682;42.17;436811;529217;635793;742951;878
73;Kab. Pasaman;Sumatera Barat;Area 1;Sumbagteng;-/37;8909;31679;66.64;300085;3947.63;561308754;8425;2464504;20.29;133773;97137;134807;219716;84
74;Kab. Padang Pariaman;Sumatera Barat;Area 1;Sumbagteng;-/103;21287;51219;70.61;430860;1332.51;722635928;10998;2268981;28.98;181344;157833;244211;320891;307
75;Kab. Ogan Komering Ulu;Sumatera Selatan;Area 1;Sumbagsel;14/143;14720;40015;69.32;367837;4797.06;603568602;10020;3144446;47.3;182248;132659;204027;254410;246
76;Kab. Tapanuli Utara;Sumatera Utara;Area 1;Sumbagut;11/241;7889;26141;73.47;312992;3791.64;609962657;11648;2542836;28.41;172493;83808;149900;238257;172
77;Kab. Tanah Datar;Sumatera Barat;Area 1;Sumbagteng;-/75;13095;37607;72.33;371938;1336.1;651739765;10588;2763592;15.34;174454;150652;219892;313057;230
78;Kab. Padang Lawas Utara;Sumatera Utara;Area 1;Sumbagut;2/386;11620;42608;69.85;260467;3918.05;523820730;9987;2767784;26.79;124078;61443;118096;181065;77
79;Kab. Banyuasin;Sumatera Selatan;Area 1;Sumbagsel;16/288;28688;33568;66.74;835887;11832.99;886097109;9850;3194894;96.27;383950;252852;407635;516557;634
80;Kab. Agam;Sumatera Barat;Area 1;Sumbagteng;-/82;20549;41828;72.46;529372;1804.3;762542948;9651;2339399;33.31;242382;240033;310014;420131;347
81;Kota Sawah Lunto;Sumatera Barat;Area 1;Sumbagteng;31;3682;58884;72.64;64885;231.93;349197280;10182;2510628;1.36;31249;32803;42359;53659;54
82;Kab. Labuhan Batu;Sumatera Utara;Area 1;Sumbagut;23/75;33610;68013;72.01;494133;2156.02;652519523;11150;2895289;42.17;233444;174029;269819;369673;295
83;Kab. Batanghari;Jambi;Area 1;Sumbagsel;14/110;16466;60340;69.84;301934;5804;571897802;9825;0;26.54;114983;122832;209927;209927;158
84;Kab. Ogan Komering Ulu Timur;Sumatera Selatan;Area 1;Sumbagsel;7/305;15068;22264;69.28;648826;3370;759212795;11505;3144446;71.1;351037;190309;327203;441875;337
85;Kab. Solok;Sumatera Barat;Area 1;Sumbagteng;-/74;13587;36386;69.08;391731;3738;668243259;10171;2422385;29.28;183305;144804;210960;305369;184
86;Kota Padang Panjang;Sumatera Barat;Area 1;Sumbagteng;16/-;3477;64749;77.93;56058;23;354367009;10734;3188468;2.84;25863;36373;37534;48220;44
87;Kab. Ogan Ilir;Sumatera Selatan;Area 1;Sumbagsel;14/227;11184;26003;67.06;416783;2666.09;592817070;10424;3144446;57.97;211488;129467;217086;277197;270
89;Kab. Lima Puluh Kota;Sumatera Barat;Area 1;Sumbagteng;-/79;15616;40791;69.47;383759;3571.14;702365062;9596;2125742;26.43;199426;128509;202379;268656;233
89;Kab. Humbang Hasundutan;Sumatera Utara;Area 1;Sumbagut;1/153;5951;31292;68.87;197498;2335.33;491293205;7850;2524033;17.92;112029;48717;85220;129083;85
90;Kota Pariaman;Sumatera Barat;Area 1;Sumbagteng;16/55;5008;56591;76.9;93971;66.13;391516784;12796;2519099;3.66;43339;53387;58701;80316;89
91;Kab. Tapanuli Tengah;Sumatera Utara;Area 1;Sumbagut;56/159;9957;26434;69.23;365411;2188;614127615;10071;2830884;47.19;185218;101565;157296;253694;164
92;Kota Pekanbaru;Riau;Area 1;Sumbagteng;83/-;119112;104177;81.32;982329;632.27;818435221;14433;2997976;30.4;514200;666545;699331;840314;1408
93;Kab. Simeulue;Aceh;Area 1;Sumbagut;-/138;2216;23765;66.03;92612;2051.48;423660373;7085;4200479;17.34;36589;40844;40844;57729;40
94;Kab. Batu Bara;Sumatera Utara;Area 1;Sumbagut;10/141;34048;81749;68.36;410912;922.2;568210636;10410;3191571;49.78;208595;135370;205682;295023;261
95;Kab. Muaro Jambi;Jambi;Area 1;Sumbagsel;5/150;24403;55041;69.18;402251;5326;631350550;8556;0;17.3;184465;165790;279486;279486;342
96;Kab. Musi Rawas;Sumatera Selatan;Area 1;Sumbagsel;13/186;19077;47241;66.79;395804;6350.1;600180128;9520;3144446;54.95;208596;107381;196685;259865;172
97;Kota Langsa;Aceh;Area 1;Sumbagut;-/66;5302;29986;77.17;185718;262.41;416834350;12057;4200479;18.65;76830;115846;115846;143133;118
98;Kab. Aceh Tenggara;Aceh;Area 1;Sumbagut;-/385;4945;22840;69.37;220607;4231.43;550538893;8020;4200479;28.98;92626;49297;89863;122990;52
99;Kota Pematang Siantar;;Area 1;Sumbagut;53/-;13933;54572;78.75;268001;55.66;569499118;12372;2501519;21.23;137927;131927;174297;223081;250
100;Kab. Bungo;Jambi;Area 1;Sumbagsel;12/141;18047;48156;69.92;362597;4659;602613586;11471;0;22.07;167075;141959;255781;255781;244
101;Kab. Karo;Sumatera Utara;Area 1;Sumbagut;10/259;20585;49497;74.43;405232;2127;694659836;12349;3070354;36.57;262029;142172;222336;303949;259
102;Kota Solok;Sumatera Barat;Area 1;Sumbagteng;13/-;4050;57040;78.29;73185;71.29;377778817;12117;3019506;1.99;31142;26360;31127;38107;61
103;Kab. Kepulauan Mentawai;Sumatera Barat;Area 1;Sumbagteng;-/43;4644;50463;61.09;87370;6011.35;557853377;6281;2326013;13.37;48621;16844;27913;38416;11
104;Kab. Ogan Komering Ilir;Sumatera Selatan;Area 1;Sumbagsel;13/314;29148;35126;66.82;768321;18359.04;978571504;10725;3144446;123.34;386545;215629;400818;534824;550
105;Kab. Sarolangun;Jambi;Area 1;Sumbagsel;9/149;15356;50865;69.86;289794;6184;539027521;11616;0;25.79;135156;108246;207615;207615;119
106;Kab. Aceh Barat;Aceh;Area 1;Sumbagut;-/322;7998;38066;71.38;198483;2927.95;556256963;9641;4200479;39.06;85855;73043;110949;127571;114
107;Kab. Pidie;Aceh;Area 1;Sumbagut;-/730;10564;23740;70.63;435509;3086.95;842069723;9816;4200479;86.39;185832;213802;213802;255996;232
108;Kab. Belitung;Bangka Belitung;Area 1;Sumbagsel;7/42;9870;51994;72.51;181826;2293.61;463002382;13554;0;12.07;82200;96279;125770;144562;223
109;Kab. Empat Lawang;Sumatera Selatan;Area 1;Sumbagsel;9/147;4995;19964;65.25;333856;2256.44;402951186;9350;3144446;31.89;134147;63540;152854;218498;79
110;Kota Pangkal Pinang;Bangka Belitung;Area 1;Sumbagsel;42/-;13703;64417;78.22;218316;89.4;434574143;15663;0;9.4;84575;150108;150108;181433;282
111;Kota Subulussalam;Aceh;Area 1;Sumbagut;-/82;1727;21211;64.93;90498;1391;319242599;7317;4200479;14.46;29410;36144;36144;46241;40
112;Kab. Sijunjung;Sumatera Barat;Area 1;Sumbagteng;-/61;9134;38477;67.74;234792;3130.4;513243250;10361;2411378;16.28;114731;86775;124651;161304;107
113;Kab. Solok Selatan;Sumatera Barat;Area 1;Sumbagteng;-/39;5575;32589;69.04;181774;3346.2;445646713;10325;2537751;12.39;84899;68200;91099;136931;61
114;Kab. Pidie Jaya;Aceh;Area 1;Sumbagut;-/222;3461;21470;73.2;158144;1073.6;413543469;10071;4200479;31.39;66195;76503;76503;85055;105
115;Kab. Aceh Selatan;Aceh;Area 1;Sumbagut;-/260;5491;23064;67.12;232161;3841.6;607341339;8089;4200479;30.91;93032;65544;116810;139479;95
116;Kab. Kuantan Singingi;Riau;Area 1;Sumbagteng;11/218;32122;98138;70.31;335177;5259.36;609467997;10243;3045450;29.34;144598;129544;192468;239142;191
117;Kab. Aceh Singkil;Aceh;Area 1;Sumbagut;-/116;2403;19363;68.94;126261;2185;411019642;8707;4200479;25.43;41956;41253;60989;82709;66
118;Kab. Lingga;Kepulauan Riau;Area 1;Sumbagteng;7/075;4269;47552;65.29;98380;1318.21;459083527;11998;3036220;12.45;33509;33724;56182;76203;79
119;Kab. Pasaman Barat;Sumatera Barat;Area 1;Sumbagteng;-/19;15401;34709;68.49;431906;3887.77;606699346;9047;2443756;31.64;194387;133912;191678;295280;206
120;Kab. Aceh Barat Daya;Aceh;Area 1;Sumbagut;-/152;3855;25631;66.75;150522;1490.6;418989448;8316;4200479;24.21;59658;43979;76756;91020;60
121;Kab. Aceh Tamiang;Aceh;Area 1;Sumbagut;-/213;7419;25148;69.24;294590;1956.72;497724291;8327;4200479;38.93;123383;83922;151686;206100;141
122;Kab. Aceh Jaya;Aceh;Area 1;Sumbagut;-/172;2576;27736;69.75;92906;3812.99;399247229;9615;4200479;12.11;45206;25336;48687;57926;52
123;Kab. Dharmasraya;Sumatera Barat;Area 1;Sumbagteng;-/52;10351;41810;71.51;228338;2961.13;482461174;11273;2375038;15.7;122848;100929;132041;178884;169
123;Kab. Lahat;Sumatera Selatan;Area 1;Sumbagsel;18/360;17175;41953;67.44;430305;5311.74;655195267;9730;3144446;65.75;209111;147295;241093;310766;244
125;Kota Banda Aceh;Aceh;Area 1;Sumbagut;-/90;18618;68872;85.41;252646;61.36;551564266;16778;4200479;18.97;117822;188372;188372;206523;377
126;Kab. Kepulauan Meranti;Riau;Area 1;Sumbagteng;5/96;18457;99492;65.5;205863;3707.84;411574919;7790;2983926;47.1;85166;82804;124094;154504;109
127;Kab. Aceh Besar;Aceh;Area 1;Sumbagut;-/604;13289;31251;73.56;405769;2969;763979511;9641;4200479;59.7;158020;164286;234207;256963;509
128;Kab. Bireuen;Aceh;Area 1;Sumbagut;-/609;12956;27470;72.28;436652;1901.2;819566518;8857;4200479;62.42;217265;118382;225158;319816;308
129;Kab. Nagan Raya;Aceh;Area 1;Sumbagut;-/222;7381;44118;69.18;168139;3363.72;487688377;8216;4200479;29.99;69946;89242;89242;112655;72
130;Kab. Gayo Lues;Aceh;Area 1;Sumbagut;-/136;2627;27915;67.22;99279;5719.58;425668061;8791;4200479;18.42;45717;27200;46935;54010;30
131;Kota Pagar Alam;Sumatera Selatan;Area 1;Sumbagsel;35/-;2787;20024;68.31;143591;633.66;374034900;8795;3144446;12.71;67746;50735;81660;101103;67
132;Kab. Natuna;Kepulauan Riau;Area 1;Sumbagteng;6/070;21791;280188;72.72;81242;960.25;397785704;11875;3106975;3.47;27089;37413;49264;64002;68
133;Kab. Aceh Tengah;Aceh;Area 1;Sumbagut;-/295;7473;35169;73.24;215323;4318.39;577052678;10673;4200479;32.48;102948;63830;120319;154356;74
134;Kab. Musi Banyuasin;Sumatera Selatan;Area 1;Sumbagsel;13/227;66162;102248;67.69;621179;14266.26;381276692;10088;3251832;105.38;317868;176961;324910;427534;460
135;Kota Batam;Kepulauan Riau;Area 1;Sumbagteng;64/-;164484;119537;81.11;1195369;2009.04;633957071;18095;4130279;67.06;481648;801916;821945;946882;1280
136;Kab. Aceh Timur;Aceh;Area 1;Sumbagut;-/513;10318;23662;67.63;422635;6286.01;774098033;8489;4200479;62.34;158910;101130;188007;221957;201
137;Kab. Belitung Timur;Bangka Belitung;Area 1;Sumbagsel;-/39;7728;59644;70.92;126765;2506.91;423426747;11730;0;8.56;58259;63528;75075;95788;119
138;Kab. Bangka;Bangka Belitung;Area 1;Sumbagsel;19/62;13794;40891;72.4;326499;2950.68;500682611;12416;0;15.41;132128;153273;198793;247399;287
139;Kab. Indragiri Hilir;Riau;Area 1;Sumbagteng;39/197;62776;84764;66.54;653882;12614.78;897840706;9954;2984695;44.29;327970;240736;361584;475838;352
140;Kab. Bangka Selatan;Bangka Belitung;Area 1;Sumbagsel;3/50;8676;41321;66.9;197936;3607.08;442497090;11757;0;7.49;88740;79133;109642;141819;165
141;Kab. Bener Meriah;Aceh;Area 1;Sumbagut;-/232;4425;29861;72.98;161089;1454.09;427246462;11098;4200479;28.38;77768;48600;82193;114063;48
142;Kab. Aceh Utara;Aceh;Area 1;Sumbagut;-/852;19778;31931;69.33;601766;3236.86;902833982;8122;4200479;106.41;238229;133396;290070;299882;310
143;Kab. Bangka Barat;Bangka Belitung;Area 1;Sumbagsel;4/60;14168;66466;69.08;204359;2820.61;427997278;12233;0;5.83;84219;80592;114768;140989;179
144;Kab. Musi Rawas Utara;Sumatera Selatan;Area 1;Sumbagsel;89;7111;37000;64.49;188608;6008.55;368081249;9783;3144446;37.75;92036;45652;89402;122094;59
145;Kab. Bangka Tengah;Bangka Belitung;Area 1;Sumbagsel;7/56;8579;43728;70.45;198693;2155.77;426219372;12909;0;9.64;74102;86518;113173;153919;187
146;Kab. Indragiri Hulu;Riau;Area 1;Sumbagteng;16/178;41659;94296;69.83;444782;7723.8;640211130;10202;2985193;26.66;196118;208081;261343;343720;280
147;Kab. Rokan Hulu;Riau;Area 1;Sumbagteng;6/139;33910;48994;69.38;561619;7588.13;651346142;9374;2960855;73.35;304612;223005;315682;422271;303
148;Kota Lhokseumawe;Aceh;Area 1;Sumbagut;-/68;8907;42987;77.31;188460;181.06;428195816;11367;4200479;22.69;79430;115838;115838;140995;175
149;Kab. Kampar;Riau;Area 1;Sumbagteng;8/242;77423;88878;72.83;840305;10983.47;775080963;10796;2950088;65.3;345195;375855;493503;637993;669
150;Kota Tanjung Pinang;Kepulauan Riau;Area 1;Sumbagteng;18/-;20168;95319;78.91;227410;2266.77;459035650;15498;3006999;19.98;77966;145170;164934;188225;244
151;Kab. Pelalawan;Riau;Area 1;Sumbagteng;14/104;47909;99063;71.56;390280;12758.45;602962236;11606;3002383;45.88;219186;186308;239140;315247;299
152;Kab. Bengkalis;Riau;Area 1;Sumbagteng;19/136;142451;248604;73.46;564542;6975.41;344485485;11331;3261357;36.96;232055;271924;344069;423087;499
153;Kab. Siak;Riau;Area 1;Sumbagteng;9/122;82708;168793;73.68;458174;8275.18;365851291;11799;3048527;25.38;206068;248306;279706;348183;411
154;Kab. Rokan Hilir;Riau;Area 1;Sumbagteng;25/159;74714;104569;69.15;636134;8881.59;491772859;9362;2937783;48.85;280311;239575;324772;475609;392
155;Kab. Kuningan;Jawa Barat;Area 2;Jabar;15/361;25090;23215;69.38;1166659;1110.56;1136000689;9297;1882642.36;139.2;453781;529899;655755;796082;574
156;Kab. Cianjur;Jawa Barat;Area 2;Jabar;6/354;46807;20683;65.36;2478687;3840.16;1508219679;7874;2534798.99;234.47;976058;1000803;1316894;1704535;1007
157;Kota Jakarta Pusat;DKI Jakarta;Area 2;Jabo Inner;44/-;705614;760271;81.39;1055869;48.13;0;2009108.88;4267349;41.92;409589;744900;767428;856753;2504
158;Kab. Majalengka;Jawa Barat;Area 2;Jabar;13/330;30912;25652;67.59;1304449;1204.24;1134532450;9416;1944166.36;138.21;600450;562635;736648;876732;624
159;Kab. Sukabumi;Jawa Barat;Area 2;Jabar;5/381;67406;27331;66.88;2726577;4145.7;1514827358;8618;3028531.71;175.1;1031213;1316741;1421519;1684717;1093
160;Kota Tasikmalaya;Jawa Barat;Area 2;Jabar;69/-;21755;32787;73.04;715128;171.61;759061154;9855;2264093.28;86.13;301081;329006;443568;469390;444
161;Kota Jakarta Selatan;DKI Jakarta;Area 2;Jabo Inner;65/-;648231;286233;84.72;2227939;141.27;0;2625288.26;4267349;78.09;1011605;578643;1669822;1839014;4154
162;Kab. Sumedang;Jawa Barat;Area 2;Jabar;7/270;35448;30760;71.64;1151480;1518.33;1082326099;10153;3139275.37;118.38;526229;583947;699219;835858;692
163;Kota Bandung;Jawa Barat;Area 2;Jabar;151/-;289312;115361;81.51;2445287;167.67;1601834557;16630;3623778.91;100.02;1183193;1735666;1763263;1928166;2477
164;Kab. Tasikmalaya;Jawa Barat;Area 2;Jabar;-/351;37219;21218;65.67;1866330;2551.19;1403102763;7761;2251787.92;181.52;813411;690165;978623;1225602;665
165;Kab. Pangandaran;Jawa Barat;Area 2;Jabar;-/93;11323;28358;68.06;423901;1010;514231954;8968;1860591.33;36.05;223517;179752;247446;301679;263
166;Kab. Garut;Jawa Barat;Area 2;Jabar;21/421;57579;21956;66.12;2586734;3074.07;1697761221;7597;1961085.7;262.78;1071026;1057376;1271293;1571623;1175
167;Kota Jakarta Timur;DKI Jakarta;Area 2;Jabo Inner;65/-;492191;167534;82.66;3038266;188.03;0;1958914.61;4267349;122.73;1257752;684548;2137043;2444334;2697
168;Kab. Pandeglang;;Area 2;Jabo Outer;13/326;28324;23371;65;1271660;2746.89;1125384369;8572;2758909;120.44;481092;69118;584482;768914;606
169;Kota Jakarta Barat;DKI Jakarta;Area 2;Jabo Inner;56/-;473843;182956;81.38;2435638;129.54;0;2144621.63;4267349;110.9;1148244;484357;1715385;1938554;2658
170;Kab. Ciamis;Jawa Barat;Area 2;Jabar;7/258;31583;26425;70.49;1228042;1414.71;1124523808;9190;1880654.54;91.39;593039;532138;690013;910417;621
171;Kab. Lebak;Banten;Area 2;Jabo Outer;5/340;28918;22200;63.91;1387920;3426.56;1025617979;8690;2710654;120.83;596379;70817;593123;773063;622
172;Kota Cimahi;Jawa Barat;Area 2;Jabar;15/-;32226;52459;77.83;567373;39.27;542550698;11921;0;31.64;272553;390392;395077;449614;354
173;Kab. Bandung;Jawa Barat;Area 2;Jabar;10/270;124001;32846;72.39;3624917;1767.96;1991762404;10203;3139275.37;263.6;1688206;2031823;2065587;2491946;1883
174;Kota Serang;Banten;Area 2;Jabo Outer;66/-;31765;46130;72.16;691074;266.71;618641127;13212;3773940;42.24;292638;89492;409797;422331;536
175;Kota Bogor;Jawa Barat;Area 2;Jabar;68/-;46472;41788;76.11;1042043;118.5;769048963;11348;4169806.58;75.04;486867;689952;688036;764102;844
176;Kota Cirebon;;Area 2;Jabar;22/-;23457;73461;74.89;333537;37.36;548788411;11397;2219487.67;30.61;138667;200741;217464;272425;310
177;Kota Jakarta Utara;DKI Jakarta;Area 2;Jabo Inner;31/-;525173;289684;80.29;1780108;146.66;0;1995226.7;4267349;123.59;822076;1210851;1211341;1378947;2150
178;Kab. Serang;Banten;Area 2;Jabo Outer;-/326;76944;51010;66.7;1623757;1734.28;1034125411;10665;4152887;74.8;614320;678792;839571;997684;849
179;Kota Sukabumi;Jawa Barat;Area 2;Jabar;33/-;12384;37678;74.21;346559;48.25;474164097;10609;2530182.63;25.42;140827;197526;224840;252155;283
180;Kab. Karawang;Jawa Barat;Area 2;Jabar;12/297;230986;98128;70.66;2440212;1652.2;1216810516;11277;4594324;195.41;1013472;1320805;1343123;1652600;1566
181;Kab. Cirebon;Jawa Barat;Area 2;Jabar;12/412;49186;22430;68.75;2271748;984.52;1430715056;10212;2196416.09;247.94;955506;1076411;1255468;1563636;1031
182;Kab. Bandung Barat;Jawa Barat;Area 2;Jabar;-/165;47180;27755;68.08;1789463;1305.77;1026882842;8329;3145427.79;179.46;704266;904432;1019127;1177304;1011
183;Kab. Subang;Jawa Barat;Area 2;Jabar;8/245;39853;24973;68.95;1596447;1893.95;1203407054;10715;2965468;149.81;762065;701713;898726;1039959;942
184;Kota Tangerang Selatan;Banten;Area 2;Jabo Outer;54/-;82840;47394;81.36;1353323;147.19;564580206;15667;4168268;40.99;761851;990030;1065435;1065435;1654
185;Kota Banjar;Jawa Barat;Area 2;Jabar;9/16;4357;23797;71.7;200720;113.49;353432625;10329;1831884.83;11.16;88846;92974;116069;132645;140
186;Kab. Bogor;Jawa Barat;Area 2;Jabar;19/416;237113;39748;70.4;5428195;2710.62;1883157955;10323;4083670;465.67;2538637;3045702;3101377;3710319;3232
187;Kota Tangerang;Banten;Area 2;Jabo Outer;104/-;175238;78585;78.25;1896613;153.93;846130955;14484;4168268;118.22;1030255;1313774;1467736;1467736;1762
188;Kab. Purwakarta;Jawa Barat;Area 2;Jabar;9/183;67572;70176;70.82;996842;825.74;813567867;11372;4039067.66;80.17;406779;506767;589185;719170;675
189;Kota Depok;Jawa Barat;Area 2;Jabar;63/-;71042;29517;80.97;2057462;200.29;862665355;15262;4202105;60.43;1112358;1570114;1495904;1612789;1766
190;Kota Cilegon;Banten;Area 2;Jabo Outer;43/-;104249;238444;73.05;435130;175.5;599460814;13010;4246081;16.31;178699;257890;322909;322909;425
191;Kota Bekasi;Jawa Barat;Area 2;Jabar;56/-;98209;32694;81.5;2544803;206.61;1163901497;15755;4589708;134.01;1383287;1966515;1883277;2093130;2238
192;Kab. Tangerang;Banten;Area 2;Jabo Outer;28/246;141088;37121;71.92;3246746;1011.86;1126643872;12203;4168268;242.16;1596938;1815209;1970692;2192278;2340
193;Kab. Kepulauan Seribu;DKI Jakarta;Area 2;Jabo Inner;6/-;7969;327998;71.63;27496;8.7;0;1122234.55;4267349;3.63;9985;14095;14788;17697;40
194;Kab. Indramayu;Jawa Barat;Area 2;Jabar;8/309;80391;46510;67.29;1835561;2040.11;1307670691;9633;2297931.11;220.31;818449;901629;1023899;1333908;909
195;Kab. Bekasi;Jawa Barat;Area 2;Jabar;7/180;327730;87072;74.07;3114144;1224.88;1109084444;11155;4498961;186.3;1619175;1942766;1942197;2127886;2340
196;Kota Surabaya;Jawa Timur;Area 3;Jatim;154/-;580756;200524;82.23;2875441;350.54;1209468472;17157;4200479;145.67;1499094;1984881;626973;2084578;3117
197;Kab. Sidoarjo;Jawa Timur;Area 3;Jatim;31/322;204022;90697;80.29;2083928;634.38;1157958587;14168;4193581;127.05;1120482;444781;1462667;1619250;1636
198;Kota Semarang;Jawa Tengah;Area 3;Jateng;177/-;191547;105587;83.05;1654651;373.78;1194313031;15550;2715000;79.58;925963;1170767;1161548;1310122;1761
199;Kab. Pasuruan;Jawa Timur;Area 3;Jatim;24/341;145920;89665;68.6;1607096;1474.02;1120144764;9933;4190133;151.43;829988;139524;822733;942049;726
200;Kab. Gresik;Jawa Timur;Area 3;Jatim;26/330;139044;105907;76.11;1310188;1191.25;890343102;12845;4197030;164.05;633270;184574;801682;973506;807
201;Kab. Cilacap;Jawa Tengah;Area 3;Jateng;15/269;114194;66119;69.95;1945984;2124.47;1295279562;10639;2158327;198.6;807407;940906;157028;1077515;855
202;Kab. Kudus;Jawa Tengah;Area 3;Jateng;9/123;110514;126837;75;848157;425.15;764591304;11318;2218451.95;64.24;483983;482340;527535;625288;458
203;Kab. Malang;Jawa Timur;Area 3;Jatim;12/378;103760;39813;70.36;2655575;3530.65;1592832074;9844;3018530;265.56;1386930;318425;1484577;82022;1239
204;Kab. Banyuwangi;Jawa Timur;Area 3;Jatim;28/189;83607;51801;70.62;1709241;5782.4;1322509373;7892;2314278;130.37;885676;165903;1019276;1332313;848
205;Kab. Mojokerto;Jawa Timur;Area 3;Jatim;5/299;82392;73716;73.83;1118182;717.83;924376463;12454;4179787;118.8;588987;149686;645787;784435;588
206;Kab. Bojonegoro;Jawa Timur;Area 3;Jatim;11/419;78047;62453;69.04;1300608;2198.79;890015652;9926;2016780;161.1;689890;150475;730803;901159;459
207;Kab. Jember;Jawa Timur;Area 3;Jatim;22/226;77234;31516;67.11;2537856;3092.34;1644233797;9090;2355662;247.99;1243242;273294;1326069;1668280;1000
208;Kota Malang;Jawa Timur;Area 3;Jatim;57/-;72773;83581;81.45;842783;145.28;810812876;16158;0;38.77;437737;607673;666177;666177;893
209;Kab. Tuban;Jawa Timur;Area 3;Jatim;17/311;65016;55437;68.4;1196985;1834.15;982179381;10048;2532234;187.13;627296;525075;602120;730641;534
210;Kab. Banyumas;Jawa Tengah;Area 3;Jateng;30/301;53949;31866;71.98;1778045;1335.3;1317798068;11703;1900000;225.84;824866;236360;977022;1335264;819
211;Kab. Semarang;Jawa Tengah;Area 3;Jateng;27/208;49767;47226;74.1;1052067;950.21;917605364;12116;2229880.5;79.88;600322;604669;769000;769000;699
212;Kab. Sleman;Yogyakarta;Area 3;Jateng;-/86;47581;39012;83.84;1124777;574.82;947130689;15926;1846000;99.78;676334;815789;762571;909208;1256
213;Kab. Brebes;Jawa Tengah;Area 3;Jateng;5/292;46215;25546;66.11;1979886;1902.37;1261293035;10238;0;308.78;821061;875802;1377380;1377380;634
214;Kab. Pati;Jawa Tengah;Area 3;Jateng;5/401;43064;34189;71.77;1323161;1489.19;1131935623;10660;1891000;127.37;607706;126974;799372;963996;635
215;Kab. Kendal;Jawa Tengah;Area 3;Jateng;20/266;42535;43802;72.29;1017478;1118.13;921727933;11597;2261775;97.49;493062;547810;588347;728425;505
216;Kab. Kediri;Jawa Timur;Area 3;Jatim;1/343;41205;26174;72.05;1636421;1386.05;1176199423;10853;2008504;179.93;854801;182524;903495;1089366;699
217;Kab. Jombang;Jawa Timur;Area 3;Jatim;4/302;40494;32041;72.97;1317035;1115.09;1028640058;10999;2654095;125.94;670678;180925;753388;956425;637
218;Kab. Klaten;Jawa Tengah;Area 3;Jateng;10/391;39799;33872;75.56;1259479;658.22;1175695180;12074;1947821.16;151.83;606253;176958;744937;868232;628
219;Kab. Lamongan;Jawa Timur;Area 3;Jatim;4/302;39734;33415;72.58;1343138;1782.05;1111233893;11108;2423724;164.68;634816;165727;735618;902724;564
220;Kab. Tulungagung;Jawa Timur;Area 3;Jatim;14/257;39215;37733;73;1088748;1055.65;1087050427;10455;1958844;76.4;561390;607046;666915;801848;525
221;Kab. Sragen;Jawa Tengah;Area 3;Jateng;12/196;37836;42488;73.95;975924;941.54;1006988298;12720;1815914.85;119.38;458856;108082;560972;675058;455
222;Kab. Karanganyar;Jawa Tengah;Area 3;Jateng;15/162;37013;41751;75.86;930936;775.44;924285617;11569;1989000;91.72;484423;498625;523005;614666;521
223;Kab. Sukoharjo;Jawa Tengah;Area 3;Jateng;17/150;36927;41403;76.98;906560;489.12;867256150;11557;1938000;68.89;454419;567341;576129;669334;672
224;Kab. Blitar;Jawa Timur;Area 3;Jatim;28/220;36447;31402;70.58;1222718;1336.48;1067772656;10863;1954705;108.55;652531;160401;681104;981069;534
225;Kab. Tegal;Jawa Tengah;Area 3;Jateng;6/281;35232;24455;68.39;1598123;876.1;1097564744;9798;1896000;117.5;644978;148969;878027;1069100;588
226;Kab. Probolinggo;Jawa Timur;Area 3;Jatim;5/325;34020;29114;66.07;1151510;1696.21;945721138;10700;2503265;218.35;607717;81528;637750;790269;343
227;Kab. Sumenep;Jawa Timur;Area 3;Jatim;4/330;33299;30580;66.43;1123409;1998.54;1106373716;8722;1954705;220.23;651507;72948;604487;820692;375
228;Kab. Boyolali;Jawa Tengah;Area 3;Jateng;6/261;32704;33209;74.25;1061686;1008.45;966489944;13079;1942500;100.59;549582;114448;569978;693275;539
229;Kab. Lumajang;Jawa Timur;Area 3;Jatim;7/198;32691;31362;65.46;1118224;1790.9;920012364;8931;1982295;102.6;533458;92600;578931;716946;416
230;Kab. Magelang;Jawa Tengah;Area 3;Jateng;5/367;32491;25175;69.87;1298832;1102.93;997304689;9387;2042200;146.34;741284;654135;834028;834028;564
231;Kab. Jepara;Jawa Tengah;Area 3;Jateng;11/184;30231;24032;71.99;1183920;1059.25;948599557;10609;2040000;91.14;634386;616295;823910;823910;637
232;Kab. Wonogiri;Jawa Tengah;Area 3;Jateng;43/251;29047;30273;70.25;1042150;1793.67;1084170043;9426;1797000;104.37;557865;472194;614020;714340;481
233;Kab. Kebumen;Jawa Tengah;Area 3;Jateng;11/449;27944;23326;69.81;1349411;1211.74;1206245637;9066;1835000;211.09;595203;656379;697223;943912;537
234;Kab. Grobogan;Jawa Tengah;Area 3;Jateng;7/273;27291;19808;69.87;1454653;2013.86;1054010287;10350;1830000;172.26;710909;646458;793527;958694;591
235;Kab. Nganjuk;Jawa Timur;Area 3;Jatim;20/264;26665;25284;71.72;1102875;1224.25;1005432269;11768;1954705;122.73;540021;111761;598286;731124;421
236;Kab. Bantul;;Area 3;Jateng;-/75;26345;25869;80.01;984743;506.86;931996005;15517;1790500;138.66;579229;625056;610016;735376;743
237;Kab. Demak;Jawa Tengah;Area 3;Jateng;6/243;26184;22518;72.22;1202929;900.12;875987653;10344;0;146.87;574602;577369;783762;783762;465
238;Kab. Blora;;Area 3;Jateng;24/271;25977;30031;68.84;883306;1821.59;883338891;9795;1834000;103.73;468013;395900;474448;196591;397
239;Kab. Pemalang;Jawa Tengah;Area 3;Jateng;11/211;25483;19560;66.32;1472616;1118.03;1130573652;8546;1865000;209.03;589786;124916;801259;1004230;524
240;Kab. Purbalingga;Jawa Tengah;Area 3;Jateng;15/224;24918;26679;68.97;997534;677.55;847952218;10131;1940800;149.48;469748;446974;686299;686299;338
241;Kab. Bangkalan;Jawa Timur;Area 3;Jatim;8/273;24676;25009;64.11;1059350;1001.44;951659130;8393;1954705;204;442212;410522;571615;687049;480
242;Kab. Pekalongan;Jawa Tengah;Area 3;Jateng;13/272;22857;25461;69.63;967794;837;890703494;10508;2018161.27;91.86;446922;461958;516279;624034;316
243;Kab. Temanggung;Jawa Tengah;Area 3;Jateng;23/266;21657;28053;69.57;789147;837.71;770269689;9489;1825200;77.33;343400;368751;507592;507592;315
244;Kab. Banjarnegara;Jawa Tengah;Area 3;Jateng;12/266;21599;23397;67.45;1016740;1023.73;914958948;9547;1748000;144.95;466173;447798;525889;686315;347
245;Kab. Batang;Jawa Tengah;Area 3;Jateng;9/239;21574;28070;68.65;800691;788.65;753352485;9573;2061700;70.57;387741;370074;566832;566832;362
246;Kab. Ponorogo;Jawa Timur;Area 3;Jatim;26/281;20499;23525;70.81;948291;1305.7;1001863677;9426;1913321;86.74;491137;156742;549444;701374;412
247;Kab. Ngawi;Jawa Timur;Area 3;Jatim;4/213;20434;24616;70.54;869030;1295.98;988487546;11187;1913321;128.19;474058;87983;485333;602617;333
248;Kab. Situbondo;Jawa Timur;Area 3;Jatim;4/132;20220;29606;67.38;684940;1669.87;761038751;9692;1913321;83.74;390052;63345;373249;455650;315
249;Kab. Bondowoso;Jawa Timur;Area 3;Jatim;10/209;19869;25614;66.43;775124;1525.97;862433102;10429;1954705;110.24;460888;68926;488334;473884;242
250;Kab. Sampang;Jawa Timur;Area 3;Jatim;6/180;19700;20125;62.7;968667;1233.08;796403646;8569;1913321;224.74;470702;60292;458151;809767;348
251;Kab. Rembang;Jawa Tengah;Area 3;Jateng;7/287;18934;29669;70.02;644306;887.13;734621624;10551;1802000;100.08;314797;278386;412226;412226;317
252;Kab. Madiun;Jawa Timur;Area 3;Jatim;8/198;18932;27731;71.73;743323;1037.58;826600103;11351;1913321;78.3;375502;86886;419633;537644;366
253;Kab. Gunung Kidul;Yogyakarta;Area 3;Jateng;-/144;18890;25433;69.98;746134;1485.36;887858891;9486;1705000;127.61;448155;357893;402586;529368;400
254;Kab. Magetan;Jawa Timur;Area 3;Jatim;28/207;18856;29979;73.92;669785;688.84;856858765;11539;2423724;65.09;364079;80961;381935;497424;301
255;Kab. Wonosobo;Jawa Tengah;Area 3;Jateng;29/236;18854;23851;68.22;878097;981.41;810365559;10871;1859000;137.64;405187;403755;629974;629974;273
256;Kab. Purworejo;Jawa Tengah;Area 3;Jateng;25/469;18673;25995;72.68;768853;1091.49;934828751;10342;1845000;84.79;378951;353696;420386;557356;351
257;Kab. Trenggalek;Jawa Timur;Area 3;Jatim;5/152;18553;26646;69.74;730098;1147.22;842342631;9400;1913321;81.06;400493;66915;422014;555433;284
258;Kab. Pamekasan;Jawa Timur;Area 3;Jatim;11/178;17043;19367;66.26;849030;792.24;809642625;8536;1913321;129.41;454970;72044;451546;652069;368
259;Kota Batu;Jawa Timur;Area 3;Jatim;5/019;16926;81575;75.9;212793;136.74;455694746;12466;2794800;8.12;113826;131166;135392;152948;182
260;Kab. Pacitan;Jawa Timur;Area 3;Jatim;5/166;15978;28774;68.39;585083;1389.92;748480938;8527;1913321;80.82;357969;52609;339672;385340;227
261;Kab. Kulon Progo;Yogyakarta;Area 3;Jateng;88;12017;27932;74.46;436629;586.27;663335010;10041;1750500;78.06;256632;244719;247529;312160;248
262;Kota Kediri;;Area 3;Jatim;46/-;139253;484513;78.23;286543;63.4;582747476;11976;2060925;22.19;142122;188988;222760;222760;230
263;Kota Surakarta;Jawa Tengah;Area 3;Jateng;51/-;48003;92387;82.21;522598;46.01;799696465;15049;1956200;47.03;266082;127335;368062;420955;518
264;Kota Yogyakarta;Yogyakarta;Area 3;Jateng;45/-;36599;84732;86.61;373823;32.5;631639948;18678;2004000;31.62;243570;292716;282399;325595;493
265;Kota Tegal;Jawa Tengah;Area 3;Jateng;27/-;15288;61174;75.07;273572;39.68;462030024;13250;1925000;19.55;114121;49361;171390;216770;175
266;Kota Madiun;Jawa Timur;Area 3;Jatim;27/-;14108;79705;80.91;194922;33.92;476135673;15616;1954705;8.83;91730;132437;155021;155021;189
267;Kota Salatiga;Jawa Tengah;Area 3;Jateng;23/-;13316;68609;83.14;192069;57.36;427568712;15944;0;9.69;102053;136573;155902;155902;178
268;Kota Probolinggo;Jawa Timur;Area 3;Jatim;29/-;11350;47849;73.27;239396;56.67;440456818;11796;2319796;17.72;112502;130873;152488;178799;131
269;Kota Pekalongan;Jawa Tengah;Area 3;Jateng;27/-;10874;35409;74.98;307384;45.25;436146579;12680;2072000;22.16;146219;36447;179941;221768;193
270;Kota Magelang;Jawa Tengah;Area 3;Jateng;17/-;8810;72146;78.99;121273;16.06;418992998;12514;1853000;9.27;60612;27694;82089;96751;96
271;Kota Pasuruan;Jawa Timur;Area 3;Jatim;34/-;8289;41356;75.26;207753;35.29;412604511;12931;2794801;13.4;99441;121122;162554;162554;118
272;Kota Mojokerto;Jawa Timur;Area 3;Jatim;18/-;6809;52780;78.04;132181;16.47;375978526;13155;2456302;8.09;64400;85472;101975;101975;112
273;Kota Blitar;Jawa Timur;Area 3;Jatim;21/-;6792;47875;78.57;148896;32.57;402974374;13391;1954635;11.1;77018;97776;98897;124012;109
274;Kab. Bulukumba;Sulawesi Selatan;Area 4;Sulawesi;27/109;14215;33796;68.99;437841;1154.67;672997972;10513;3103800;30;199431;172444;245559;351431;295
275;Kab. Barru;Sulawesi Selatan;Area 4;Sulawesi;15/40;7271;41711;71;184199;1174.71;493676854;10923;3103800;14.44;70068;69765;103342;136614;153
276;Kota Palangka Raya;Kalimantan Tengah;Area 4;Kalimantan;30/-;18259;62601;80.77;293691;23990;606015976;14055;2931674;10.23;134616;277533;323762;326661;387
277;Kab. Nduga;Papua;Area 4;Malpua;-/248;1216;12336;31.55;106280;2168;573202494;3975;3516700;36.54;61100;697;5879;8051;1
278;Kab. Gorontalo Utara;Gorontalo;Area 4;Sulawesi;-/123;3370;29289;64.86;124704;1676.15;381954333;8921;2788826;19.56;49768;43188;69048;92351;43
279;Kab. Sidenreng Rappang;Sulawesi Selatan;Area 4;Sulawesi;38/68;13894;46010;71.21;320224;2506.19;588705480;12073;3103800;15.36;117843;143274;192137;243113;277
280;Kab. Takalar;Sulawesi Selatan;Area 4;Sulawesi;24/76;10157;34007;67.31;301087;566.51;576931979;10454;3103800;25.38;133211;119703;164273;228160;205
281;Kab. Deiyai;Papua;Area 4;Malpua;-/67;1388;18969;49.46;99111;537.39;457268042;4632;3516700;30.98;48243;74;12774;16831;1
282;Kab. Lanny Jaya;Papua;Area 4;Malpua;1/354;1828;10210;47.86;196146;2248;611251000;4350;3516700;68.62;111133;223;15309;16164;2
283;Kab. Pulang Pisau;Kalimantan Tengah;Area 4;Kalimantan;4/095;5297;41670;68.45;134246;8997;524333062;10047;2947368;5.21;69369;98303;152395;170824;96
284;Kab. Barito Utara;Kalimantan Tengah;Area 4;Kalimantan;010/093;9801;74979;70.59;154559;8300;512512783;9936;3307767;6.78;63346;126739;161503;178052;66
285;Kab. Gowa;Sulawesi Selatan;Area 4;Sulawesi;46/121;20939;27099;70.14;764809;1883.32;811842983;9394;3103800;57.68;347773;342450;459533;594148;535
286;Kab. Yalimo;Papua;Area 4;Malpua;-/300;1221;19508;48.34;101457;1253;574824986;4647;3516700;20.84;38758;23783;31022;40446;2
287;Kab. Sinjai;Sulawesi Selatan;Area 4;Sulawesi;13/67;10961;44898;67.6;259225;819.96;553586735;9439;3103800;22.06;110725;107317;145930;192637;120
288;Kab. Puncak;Papua;Area 4;Malpua;-/206;1401;12372;43.04;114488;8055;749381270;5378;3516700;42.43;66035;4117;12318;13438;1
289;Kab. Kotawaringin Timur;Kalimantan Tengah;Area 4;Kalimantan;17/168;26817;57502;71.31;429129;16796;772439994;11854;2991946;26.64;220036;191778;247838;307610;485
290;Kab. Katingan;Kalimantan Tengah;Area 4;Kalimantan;7/514;8237;48452;68.68;161969;17500;636084451;10548;2962344;8.23;81473;323518;545760;638244;103
291;Kab. Jeneponto;Sulawesi Selatan;Area 4;Sulawesi;31/82;10090;27735;64.26;401844;749.79;616181444;9114;3103800;53.24;171319;146592;211423;308151;249
292;Kab. Halmahera Tengah;Maluku Utara;Area 4;Malpua;0/61;2429;43595;65.42;56549;1469.93;417517843;7841;4200479;7.7;67819.5986;7650;52228;65873;7
293;Kab. Gorontalo;Gorontalo;Area 4;Sulawesi;14/191;12887;34044;68.68;393341;1750.83;622762737;9277;2788826;185.02;172213;49477;217400;302465;232
294;Kab. Gunung Mas;Kalimantan Tengah;Area 4;Kalimantan;13/114;5743;47894;70.81;135120;10805;520224021;10793;2936816;5.78;60559;786238;1084334;1329781;61
295;Kab. Sarmi;Papua;Area 4;Malpua;2/92;2816;69494;63.63;41262;17742;645243003;6600;3516700;5.7;18578;15076;19826;24536;26
296;Kab. Mamberamo Tengah;Papua;Area 4;Malpua;-/59;1164;24140;47.57;36230;1275;606244984;4462;3516700;17.72;30761;788;10554;3561;1
297;Kab. Bone Bolango;Gorontalo;Area 4;Sulawesi;5/160;4579;28402;69.98;162525;1984.31;461575596;10052;2788826;25.72;70883;22532;93465;127054;123
298;Kab. Mamuju Tengah;Sulawesi Barat;Area 4;Sulawesi;-/54;3154;23531;65.71;135027;3014.37;337153809;11111;2571328;7.95;53268.3614;49164;;102388;38
299;Kota Tarakan;Kalimantan Utara;Area 4;Kalimantan;20/-;36290;133963;75.83;242533;250.8;427504956;10894;3756825;17.33;120804;153153;39345;131024;214
300;Kab. Banggai;Sulawesi Tengah;Area 4;Sulawesi;46/291;30513;80976;70.52;362509;9672.7;820986428;9712;2343970;28.16;200140;151280;207026;263137;158
301;Kab. Morowali;Sulawesi Tengah;Area 4;Sulawesi;7/126;24327;200561;72.21;161474;3037.04;468016546;11159;2768593;16.5;57727;56175;87032;117328;97
302;Kab. Muna;Sulawesi Tenggara;Area 4;Sulawesi;26/125;6929;41466;69.02;215274;1922.16;625789665;8203;1102807;28.73;86721;83337;116840;#VALUE!;96
303;Kab. Halmahera Barat;Maluku Utara;Area 4;Malpua;0/169;2261;19111;65.31;132096;1704.2;465217012;7352;4200279;10.56;71879.289;31060;61330;79063;20
304;Kab. Soppeng;Sulawesi Selatan;Area 4;Sulawesi;21/49;10937;48184;68.67;234914;1359.44;592427212;9483;3103800;17.23;96629;88052;146578;180103;210
305;Kab. Toraja Utara;Sulawesi Selatan;Area 4;Sulawesi;40/111;9596;41504;69.33;260833;1151.47;509432943;8097;3103800;27.88;104796;86892;144677;206620;113
306;Kab. Bantaeng;Sulawesi Selatan;Area 4;Sulawesi;21/46;8781;46801;68.73;196463;395.83;478709520;11632;3103800;16.84;199431;77363;104061;157857;118
307;Kab. Jayapura;Papua;Area 4;Malpua;5/139;16429;124650;71.69;398712;11157.15;639644647;9898;3516700;16.61;63741;165537;233463;263222;116
308;Kab. Bone;Sulawesi Selatan;Area 4;Sulawesi;44/328;36035;47502;66.06;800748;4559;1015212018;8963;3103800;81.33;322096;313918;460348;625454;489
309;Kab. Kapuas;Kalimantan Tengah;Area 4;Kalimantan;17/214;16609;46289;69.48;410680;14999;795355088;11051;2909962;18.17;166956;145410;257097;305274;176
310;Kab. Tana Toraja;Sulawesi Selatan;Area 4;Sulawesi;47/112;7480;31965;68.75;280541;2054.3;549165995;7217;3103800;28.41;121006;88043;155079;203656;90
311;Kab. Kepulauan Selayar;Sulawesi Selatan;Area 4;Sulawesi;7/81;6443;47504;67.38;136818;10503.69;568560531;8970;3103800;17.04;62702;50746;74954;96447;53
312;Kab. Siau Tagulandang Biaro;Sulawesi Utara;Area 4;Sulawesi;93;2367;35642;67.64;71564;275.86;368894458;8080;no data;5.95;33638;24927;38466;56826;28
313;Kab. Wakatobi;Sulawesi Tenggara;Area 4;Sulawesi;26/75;4357;45433;69.48;111149;559.54;448618554;9204;1368288;13.75;43727;43475;67475;#VALUE!;32
314;Kota Makassar;Sulawesi Selatan;Area 4;Sulawesi;153/-;178430;116875;82.25;1425004;175.77;1286419315;16873;3191572;69.98;592517;915808;999646;1145348;1985
315;Kab. Merauke;Papua;Area 4;Malpua;11/179;16009;70398;70.09;230679;44071;1138620943;10097;3516700;22.89;113621;90635;121082;141295;132
316;Kab. Luwu;Sulawesi Selatan;Area 4;Sulawesi;20/207;15658;43250;70.51;365842;3000.25;659004993;10014;3103800;46.04;152169;133605;198931;286324;199
317;Kab. Jayawijaya;Papua;Area 4;Malpua;4/328;8340;38275;58.03;269300;7030.66;674896830;7441;3516700;81.71;136768;58369;104327;120207;34
318;Kab. Ketapang;Kalimantan Barat;Area 4;Kalimantan;9/253;27509;53646;67.17;569630;31240.74;1044411014;9163;2860323;53.45;45270;222390;292720;350707;337
319;Kab. Pinrang;Sulawesi Selatan;Area 4;Sulawesi;39/69;19630;52053;71.26;404228;1961.77;675600723;11844;3103800;33.56;151266;190709;246399;334102;295
320;Kab. Luwu Utara;Sulawesi Selatan;Area 4;Sulawesi;7/166;13047;41700;69.57;323153;7502.58;626246756;11562;3103800;42.2;147318;118203;175999;247800;128
321;Kab. Kubu Raya;Kalimantan Barat;Area 4;Kalimantan;0/117;29116;50258;67.95;608365;6958.22;729912591;8709;2433000;25.9;20576;297161;336435;407051;409
322;Kab. Bulungan;Kalimantan Utara;Area 4;Kalimantan;7/074;18265;128514;71.1;151591;139252.72;526600151;9121;3109313;13.08;63406;80113;103083;122103;90
323;Kab. Tambrauw;Papua Barat;Area 4;Malpua;-/216;236;17018;53.45;28126;11529.18;470637002;4998;3184225;4.59;6659.118;2254;9909;12608;1
324;Kab. Kolaka;Sulawesi Tenggara;Area 4;Sulawesi;35/100;26456;130900;73.45;237334;3283.59;555034971;12515;1807108;23.76;94519;109473;140465;#VALUE!;105
325;Kab. Mamberamo Raya;Papua;Area 4;Malpua;-/60;1665;69146;51.78;36230;23813.91;675263568;4581;3516700;6.98;10466;811;10857;18434;3
326;Kab. Banggai Kepulauan;Sulawesi Tengah;Area 4;Sulawesi;3/141;4037;34096;65.42;119889;2488.79;446343684;7545;no data;16.7;63278;33587;52586;69133;39
327;Kota Manado;Sulawesi Utara;Area 4;Sulawesi;87/-;37387;86217;78.93;452150;157.27;718105042;13886;no data;25.55;171155;284622;335246;356579;734
328;Kab. Minahasa Utara;Sulawesi Utara;Area 4;Sulawesi;6/126;13819;67864;73.9;224740;918.49;478884543;11405;no data;14.33;88401;110279;143931;167802;237
329;Kab. Halmahera Selatan;Maluku Utara;Area 4;Malpua;0/249;7226;30739;63.84;248142;8148.9;702340036;7068;4200479;12.41;141100.7325;52555;99820;147222;40
330;Kab. Buton Tengah;Sulawesi Tenggara;Area 4;Sulawesi;77;2370;25456;64.37;114520;958.31;344201396;7221;942427;14.4;36628;40534;57140;#VALUE!;no data
331;Kab. Sekadau;Kalimantan Barat;Area 4;Kalimantan;0/87;6449;31995;64.76;211306;5444.2;469758743;7434;2461000;11.92;37886;58230;94348;111101;95
332;Kab. Bolaang Mongondow Timur;Sulawesi Utara;Area 4;Sulawesi;-/81;2879;39761;65.99;87988;910.18;329834100;8998;no data;4.3;34770;35248;48490;57591;39
333;Kab. Buton Selatan;;Area 4;Sulawesi;70;2937;36356;64.93;95008;509.92;339720973;7263;1864454;11.5;30615;26023;47800;#VALUE!;no data
334;Kab. Bolaang Mongondow;Sulawesi Utara;Area 4;Sulawesi;2/200;8010;32325;67.89;248498;2871.65;520863307;10128;no data;18.07;111901;84566;124991;160575;111
335;Kab. Maros;Sulawesi Selatan;Area 4;Sulawesi;23/80;22718;64335;69.86;392008;1619.12;675113981;10963;3103800;34.62;151722;194610;226897;306810;370
336;Kota Kotamobagu;Sulawesi Utara;Area 4;Sulawesi;18/15;3695;28777;72.97;123469;68.06;361109537;10744;no data;7.06;61109;65503;78963;93459;128
337;Kab. Mempawah;Kalimantan Barat;Area 4;Kalimantan;7/060;8304;31427;65.74;301794;2797.88;542270990;7801;2422594.26;13.18;10154;19793;154075;197542;213
338;Kab. Bolaang Mongondow Selatan;Sulawesi Utara;Area 4;Sulawesi;-/81;2084;31540;65;69538;1615.86;333549036;8837;no data;8.53;28510;21005;31317;43023;35
339;Kab. Maybrat;;Area 4;Malpua;1/259;737;18029;59.52;42738;5461.69;410834045;5336;3184225;12.8;22676.1725;7628;22726;26647;5
340;Kab. Malinau;Kalimantan Utara;Area 4;Kalimantan;0/109;10646;117790;71.94;82257;42620.7;785670193;9611;3185837;6.16;39203;41930;53295;63791;83
341;Kab. Kepulauan Sangihe;Sulawesi Utara;Area 4;Sulawesi;22/145;4248;32388;70.73;139009;461.11;504778603;11427;no data;14.64;64335;47996;78483;101319;40
342;Kab. Halmahera Timur;Maluku Utara;Area 4;Malpua;0/102;3500;36841;66.75;91454;6571.37;449275611;7876;4200479;14.97;51004.926;8002;48663;62637;20
343;Kab. Minahasa Tenggara;Sulawesi Utara;Area 4;Sulawesi;9/135;5112;47821;70.51;116070;710.83;388590506;10408;no data;13.73;49627;49843;59928;78888;64
344;Kab. Pegunungan Bintang;Papua;Area 4;Malpua;-/277;1916;25275;45.44;77619;15682;780715539;5409;3516700;23.03;46491;7129;16277;16983;3
345;Kab. Morowali Utara;Sulawesi Tengah;Area 4;Sulawesi;3/122;11767;91700;68.36;120536;10004.28;541152527;8985;2307159;18.38;67436;45801;66152;89374;no data
346;Kab. Kepulauan Tanimbar;Maluku;Area 4;Malpua;2/080;2687;23778;62.86;123319;4466;529865897;6297;4200279;30.74;56787;23909;52858;83168;39
347;Kab. Barito Selatan;Kalimantan Tengah;Area 4;Kalimantan;07/086;6363;46512;70.22;130887;8830;527224632;11486;3244837;6.12;66311;56290;77794;92833;64
348;Kab. Kayong Utara;Kalimantan Barat;Area 4;Kalimantan;0/43;4144;36761;62.68;126318;4568.26;449210743;7842;2714750;10.9;60535;10483;58767;88820;88
349;Kab. Maluku Tenggara;Maluku;Area 4;Malpua;1/190;3231;32374;66.2;121258;1031.81;461412381;7545;4200279;22.59;46185;81364;55369;81364;38
350;Kab. Dogiyai;Papua;Area 4;Malpua;-/79;1310;13386;54.84;115953;4237.4;462198879;5373;3516700;28.31;57691;443;7224;7170;7
351;Kab. Maluku Barat Daya;Maluku;Area 4;Malpua;1/117;1656;22646;61.9;81675;4581.06;535779323;6890;4200279;21.37;36482;41600;33842;41600;7
352;Kab. Minahasa Selatan;Sulawesi Utara;Area 4;Sulawesi;10/167;8601;40824;72.11;236210;1409.97;512617579;11481;no data;19.38;103336;104453;138919;177422;149
353;Kab. Bolaang Mongondow Utara;Sulawesi Utara;Area 4;Sulawesi;1/106;2488;30976;66.99;82859;1680;354425767;9062;no data;6.82;35832;29772;41192;53649;38
354;Kab. Kolaka Utara;Sulawesi Tenggara;Area 4;Sulawesi;6/127;8674;57511;69.31;137406;3391.67;461923459;10218;1323610;19.83;81413;68144;85057;#VALUE!;48
355;Kab. Sambas;Kalimantan Barat;Area 4;Kalimantan;0/193;20583;38422;67.03;628878;6716.52;818348874;9858;2580000;41.41;14261;38201;338305;425377;372
356;Kab. Minahasa;Sulawesi Utara;Area 4;Sulawesi;43/227;17120;50178;75.29;347524;1114.87;628991615;12395;no data;24.95;158771;183580;233812;279231;352
357;Kab. Asmat;Papua;Area 4;Malpua;-/221;2470;25332;50.55;109852;31983.69;828103071;5733;3516700;25.12;50813;5551;11852;12865;7
358;Kab. Balangan;Kalimantan Selatan;Area 4;Kalimantan;3/154;11040;84003;68.82;130102;1878.3;354448216;11452;2877448;7.06;65072;14485;74658;94963;66
359;Kota Parepare;Sulawesi Selatan;Area 4;Sulawesi;22/-;7230;49804;77.86;151201;99.33;439708311;13663;3103800;7.96;62183;92148;102436;125487;176
360;Kab. Sintang;Kalimantan Barat;Area 4;Kalimantan;16/390;14726;35163;66.88;421540;21638.2;847220789;8728;2596644.3;39.19;76885;26502;203961;271923;224
361;Kab. Polewali Mandar;Sulawesi Barat;Area 4;Sulawesi;23/144;13369;30208;63.84;478768;1775.65;676178238;8580;2571328;68.18;214099.7976;167400;;342480;230
362;Kab. Kapuas Hulu;Kalimantan Barat;Area 4;Kalimantan;4/278;10286;39078;65.69;252356;29842;903455857;7162;2483000;23.93;140106;26626;132621;169220;108
363;Kab. Konawe Selatan;Sulawesi Tenggara;Area 4;Sulawesi;15/336;12105;38455;68.2;308758;5779.47;675526307;9037;1396578;34.22;149547;119191;157124;#VALUE!;158
364;Kab. Konawe Kepulauan;Sulawesi Tenggara;Area 4;Sulawesi;96;1384;40457;65.41;36797;867.58;306193542;67;1640960;5.88;14921;10909;17841;#VALUE!;no data
365;Kab. Pangkajene dan Kepulauan;Sulawesi Selatan;Area 4;Sulawesi;38/65;25990;77464;68.72;346009;1236.27;715539546;11405;0;47.12;139173;142786;196441;266664;235
366;Kota Palu;Sulawesi Tengah;Area 4;Sulawesi;46/-;24816;63405;81.47;373452;395.06;650829309;15074;no data;26.89;202467;252690;265113;316987;420
367;Kota Palopo;Sulawesi Selatan;Area 4;Sulawesi;48/-;7942;43022;78.06;184428;247.52;498865870;12995;3103800;14.71;72250;113685;124239;158213;191
368;Kab. Mappi;Papua;Area 4;Malpua;2/162;2954;28595;58.15;108042;24118;708296596;6353;3516700;26.91;45299;9422;22014;25621;9
369;Kab. Murung Raya;Kalimantan Tengah;Area 4;Kalimantan;9/116;8280;68549;67.98;111274;23700;623153023;10419;3205291;7.18;53459;42685;60553;67635;40
370;Kota Baubau;Sulawesi Tenggara;Area 4;Sulawesi;43/-;9044;52644;75.9;158995;221;497754032;10483;1361006;12.53;74444;85962;101737;#VALUE!;82
371;Kab. Halmahera Utara;Maluku Utara;Area 4;Malpua;0/196;5623;29009;67.5;197385;3896.9;455192353;7414;4200479;8.75;110485.548;15847;88453;113552;53
372;Kab. Konawe;Sulawesi Tenggara;Area 4;Sulawesi;57/297;9013;35386;71.35;256758;4435.28;669706539;10126;1844032;31.63;114515;100945;141098;#VALUE!;159
373;Kab. Yahukimo;Papua;Area 4;Malpua;1/510;2420;12679;49.37;351114;17152;706692026;4875;3516700;71.76;108033;16907;41892;54300;3
374;Kab. Berau;Kalimantan Timur;Area 4;Kalimantan;10/100;39051;168114;74.71;247782;21240;558818045;12018;3386593;12.3;110963;145342;170801;194719;162
375;Kab. Enrekang;Sulawesi Selatan;Area 4;Sulawesi;17/112;7298;35362;72.76;224919;1786.01;506950764;10844;3103800;25.25;94251;89776;126285;173598;96
376;Kab. Buton Utara;Sulawesi Tenggara;Area 4;Sulawesi;90;3132;48880;67.87;66400;1864.91;392967034;747;1300328;9.13;29144;21605;34056;#VALUE!;12
377;Kota Tomohon;Sulawesi Utara;Area 4;Sulawesi;44/-;4291;40139;76.69;100334;114.2;402379553;11745;no data;6.06;46336;57713;67960;77939;104
378;Kab. Landak;Kalimantan Barat;Area 4;Kalimantan;0/156;10583;28050;65.98;397844;8915.1;614704644;7357;2549844;42.36;108530;35686;165016;219647;164
379;Kab. Toli-Toli;Sulawesi Tengah;Area 4;Sulawesi;6/103;8545;36239;65.69;224901;4079.77;588276474;8017;no data;30.51;113898;85136;114334;154687;74
380;Kota Gorontalo;Gorontalo;Area 4;Sulawesi;50/-;8456;38540;77.13;198286;79.59;492892141;12278;2788826;12.46;91182;46605;136899;163299;236
381;Kab. Majene;Sulawesi Barat;Area 4;Sulawesi;20/62;4973;28601;66.91;174154;947.84;496316515;10056;0;24.12;79802.1984;59473;;124222;86
382;Kab. Nabire;Papua;Area 4;Malpua;9/27;11099;73844;68.83;168883;11112.61;673300440;8840;3516700;36.75;77263;70432;103842;117348;66
383;Kab. Lamandau;Kalimantan Tengah;Area 4;Kalimantan;3/085;5489;66385;70.51;97358;6414;427114478;11190;3130152;2.61;41232;48668;62569;69697;45
384;Kab. Banggai Laut;Sulawesi Tengah;Area 4;Sulawesi;3/63;2437;32493;65.43;70182;725.67;390476710;7810;no data;11.09;36528;18946;31913;36216;no data
385;Kab. Fakfak;Papua Barat;Area 4;Malpua;7/142;5316;67562;68.36;84944;14320;650432018;7599;3184225;17.72;36637.1425;36658;51001;54063;42
386;Kab. Banjar;Kalimantan Selatan;Area 4;Kalimantan;13/277;16615;28254;69.18;564608;4668;689489862;12603;2877448;15.12;300296;275626;332009;430539;452
387;Kab. Kutai Barat;Kalimantan Timur;Area 4;Kalimantan;4/190;28865;195009;71.19;172035;20381.59;557072217;9712;3386593;13.78;72552;82376;118098;142408;126
388;Kab. Tolikara;Papua;Area 4;Malpua;4/541;1594;11461;49.5;236733;5588.13;693480031;4826;3516700;44.88;89530;4372;51936;58425;3
389;Kab. Bengkayang;Kalimantan Barat;Area 4;Kalimantan;2/122;8729;34195;67.87;286113;5075.48;550462013;9102;2566019;17.11;111666;105454;140136;182515;170
390;Kota Jayapura;Papua;Area 4;Malpua;25/14;32607;108619;79.94;165918;935.92;593754625;14763;3516700;33.8;146739;81150;95912;105238;313
391;Kab. Kepulauan Sula;Maluku Utara;Area 4;Malpua;0/78;2500;24298;63.53;103829;3304.32;456604857;6950;4200479;8.81;50249.3872;23780;46060;58766;14
392;Kab. Seram Bagian Barat;Maluku;Area 4;Malpua;0/92;3002;17497;65.62;209603;5033.38;567548852;8690;0;43.15;84595;49945;90297;116492;47
393;Kab. Konawe Utara;Sulawesi Tenggara;Area 4;Sulawesi;11/159;3926;61524;69.86;67618;5101.76;430241971;9165;1450700;8.78;28376;27676;37236;#VALUE!;28
394;Kab. Melawi;Kalimantan Barat;Area 4;Kalimantan;0/169;5187;24885;65.55;228017;10640.8;559720948;8332;0;25.34;45939;54682;89024;108164;55
395;Kab. Paniai;Papua;Area 4;Malpua;5/216;4183;23577;56.31;220147;6525.25;550917243;6361;3516700;65.98;109495;6299;67194;101416;3
396;Kab. Barito Timur;Kalimantan Tengah;Area 4;Kalimantan;3/100;7549;59496;71.39;112976;3834;445962799;11319;2973171;7.88;68390;49292;71395;84257;57
397;Kab. Barito Kuala;Kalimantan Selatan;Area 4;Kalimantan;6/195;8714;27787;66.22;313255;2996.46;536423276;9805;2877448;14.25;165277;128000;171134;215869;179
398;Kab. Maluku Tengah;Maluku;Area 4;Malpua;6/186;8673;23228;71.25;419654;7953.81;892490766;10210;4200279;74.18;162509;130980;205676;291715;138
399;Kab. Hulu Sungai Selatan;Kalimantan Selatan;Area 4;Kalimantan;4/144;6604;27783;68.85;227753;1804.94;485605763;12672;2877448;12.39;121705;104007;166554;166449;165
400;Kab. Kepulauan Talaud;Sulawesi Utara;Area 4;Sulawesi;11/142;2210;23902;69.4;94268;1240.4;466829170;8505;no data;8.84;55459;28141;47985;66608;18
401;Kab. Nunukan;Kalimantan Utara;Area 4;Kalimantan;8/232;25420;121093;65.79;198837;13841.9;499443560;6804;3083183;13.76;93532;97932;126621;166422;149
402;Kab. Pohuwato;Gorontalo;Area 4;Sulawesi;3/101;6623;41041;65.37;146179;4244.31;489117966;10255;2788826;28.92;64816;58000;119834;119834;43
403;Kab. Hulu Sungai Tengah;Kalimantan Selatan;Area 4;Kalimantan;8/161;7058;25909;68.84;258468;1472;489090030;12153;2877448;15.47;136185;103000;178557;178557;127
404;Kab. Parigi Moutong;Sulawesi Tengah;Area 4;Sulawesi;5/278;18729;38151;65.44;440249;5089.91;729168148;9808;2445950;78.76;260695;144089;208328;316263;236
405;Kota Bitung;Sulawesi Utara;Area 4;Sulawesi;69/-;16309;74470;74.1;224881;302.89;475308720;12193;no data;14.18;91622;123307;154154;174037;190
406;Kab. Hulu Sungai Utara;Kalimantan Selatan;Area 4;Kalimantan;5/214;4954;20854;65.59;226474;892.7;457931491;9527;0;14.72;113205;92481;164489;164118;130
407;Kab. Sorong Selatan;Papua Barat;Area 4;Malpua;2/121;1915;40807;62.42;52216;6594.31;440060850;6286;3184225;8.71;23812.1943;14114;21187;24862;11
408;Kab. Mamasa;Sulawesi Barat;Area 4;Sulawesi;13/168;2974;18364;66.02;163130;3005.88;495966812;7747;2571328;21.86;76514.7768;23944;;82427;15
409;Kab. Boalemo;Gorontalo;Area 4;Sulawesi;-/82;5413;32406;65.91;145615;1521.88;428873901;8789;2788826;31.63;75454;50312;106742;106742;40
410;Kota Pontianak;Kalimantan Barat;Area 4;Kalimantan;29/-;38932;60205;79.44;657658;107.8;661544956;14465;2515000;30.7;261653;430597;541674;541674;662
411;Kab. Kotawaringin Barat;Kalimantan Tengah;Area 4;Kalimantan;13/81;19335;61790;72.87;270135;10759;604341284;13109;3047533;11.46;166183;151633;176562;222670;371
412;Kab. Manokwari;Papua Barat;Area 4;Malpua;9/164;10078;57532;72.01;192410;3186.28;501716434;12207;0;35.92;85225.2156;102397;125556;144052;125
413;Kota Kendari;Sulawesi Tenggara;Area 4;Sulawesi;64/-;22245;56628;83.53;345341;300.89;643432736;14335;1885078;17.46;171426;219138;245677;#VALUE!;420
414;Kab. Poso;Sulawesi Tengah;Area 4;Sulawesi;28/141;9506;37075;71.28;244622;7112.25;685769750;8936;no data;40.2;147614;98784;142206;190665;159
415;Kab. Teluk Wondama;Papua Barat;Area 4;Malpua;1/75;1563;48053;60.21;41391;3959.53;426228683;8219;3184225;10.22;15049.0525;17670;22540;26226;8
416;Kab. Waropen;Papua;Area 4;Malpua;-/100;2048;64974;64.94;33690;10977.09;533813787;6732;3516700;9.44;13182;9939;16255;18127;7
417;Kab. Kolaka Timur;Sulawesi Tenggara;Area 4;Sulawesi;16/117;4427;22953;67.02;120446;3634.74;384572762;7727;1822158;26.38;99937;53767;71042;#VALUE!;33
418;Kab. Sanggau;Kalimantan Barat;Area 4;Kalimantan;16/390;19271;40982;65.77;485070;12857.8;750488162;8245;2515262;21.16;10202;186282;295821;295821;296
419;Kab. Buru Selatan;Maluku;Area 4;Malpua;0/79;1406;22205;64.69;75157;3780.56;405165999;7566;4200279;10.07;30160;10730;23789;41846;9
420;Kab. Buton;Sulawesi Tenggara;Area 4;Sulawesi;95;3806;37087;65.98;114954;1212.99;401791686;7307;1603404;13.68;42654;35943;57723;#VALUE!;76
421;Kab. Wajo;Sulawesi Selatan;Area 4;Sulawesi;48/142;19839;49870;69.15;379313;2056.2;681631121;12386;3103800;27.69;183804;165210;235547;312995;274
422;Kab. Pulau Morotai;Maluku Utara;Area 4;Malpua;0/88;1533;22782;62.5;74183;2476;365535460;6290;4200479;4.43;36639.7056;15280;35524;15280;16
423;Kab. Kutai Kartanegara;Kalimantan Timur;Area 4;Kalimantan;44/193;162739;207015;73.59;728355;23601.91;452961957;10720;3179673;58.42;377924;394732;494728;579299;697
424;Kab. Mamuju;Sulawesi Barat;Area 4;Sulawesi;13/88;11731;39993;68.15;278511;4999.69;600303844;9500;2571328;20.65;133867.053;103037;;191272;97
425;Kota Sorong;Papua Barat;Area 4;Malpua;52/-;15865;62389;78.45;284157;656.64;468463160;13954;3184225;38.91;112446.6408;173314;204816;232002;165
426;Kab. Pulau Taliabu;Maluku Utara;Area 4;Malpua;0/71;1452;27378;60.48;57794;22738;332146239;6290;4200479;3.89;33292;15280;32531;12587;10
427;Kab. Tojo Una-Una;Sulawesi Tengah;Area 4;Sulawesi;12/134;5713;37099;64.59;163576;5721.15;552080735;7608;no data;25.43;83898;45935;73269;97295;49
428;Kab. Tana Tidung;Kalimantan Utara;Area 4;Kalimantan;0/32;5786;200017;66.97;25331;4828.58;413506614;7381;3113400;1.46;13496;14299;16783;18726;16
429;Kab. Sigi;Sulawesi Tengah;Area 4;Sulawesi;-/176;8987;37537;68.12;257332;5196.02;589752115;8236;no data;30;123819;82130;119021;161306;165
430;Kota Ternate;Maluku Utara;Area 4;Malpua;77/-;10758;46132;79.82;204748;111.39;602070200;13091;4200479;8.18;99106.1904;126786;163905;126786;98
431;Kota Tidore Kepulauan;Maluku Utara;Area 4;Malpua;40/49;2899;28587;70.53;114227;1645.73;515610810;8188;4200479;6.66;63649.3284;44291;83149;44291;41
432;Kota Singkawang;Kalimantan Barat;Area 4;Kalimantan;26/0;10256;46009;71.94;234811;547.5;467470514;11650;2537875;10.23;116464;135330;180595;180595;233
433;Kab. Bombana;Sulawesi Tenggara;Area 4;Sulawesi;22/121;6431;34841;66.05;150453;3001;456475139;8234;1380536;18.84;87464;59094;85276;#VALUE!;64
434;Kab. Kepulauan Yapen;Papua;Area 4;Malpua;5/160;4240;41891;67.66;112423;2050;522738652;7484;3516700;27.04;50209;36630;51786;61730;16
435;Kab. Donggala;Sulawesi Tengah;Area 4;Sulawesi;9/158;12261;40317;65.56;300670;4275.08;627024200;8106;no data;53.17;138929;94344;139603;191854;109
436;Kab. Keerom;Papua;Area 4;Malpua;-/91;2855;50001;66.4;61370;8390;502722947;8910;3516700;9.42;32095;18581;30874;33630;34
437;Kab. Kaimana;Papua Barat;Area 4;Malpua;2/84;2788;46303;65;62003;16241.84;574547299;8325;3184225;9.52;29502.1116;27828;32986;36567;14
438;Kab. Kepulauan Aru;Maluku;Area 4;Malpua;2/117;3476;36167;63.71;101984;8152.42;559785012;7586;4200279;25.45;45642;20966;37871;48558;14
439;Kab. Kutai Timur;Kalimantan Timur;Area 4;Kalimantan;2/139;133725;355547;73;434693;35747.5;571773275;10485;3140000;36.98;188148;254736;58961;254736;315
440;Kab. Boven Digoel;Papua;Area 4;Malpua;-/112;4892;70677;61.53;64032;27108;762608266;7947;3516700;13.86;35538;14230;27988;30815;11
441;Kab. Kotabaru;Kalimantan Selatan;Area 4;Kalimantan;4/198;24180;70658;68.86;325856;9482.73;591870214;11207;3034828;14.6;153439;141159;191539;237271;200
442;Kota Tual;Maluku;Area 4;Malpua;3/027;2458;32527;67.96;88027;254.39;370628836;7531;4200279;17.36;33034;32933;45026;57969;29
443;Kab. Sukamara;Kalimantan Tengah;Area 4;Kalimantan;3/097;4194;65175;68.03;63211;16404;389882723;8674;3088502;2.13;31712;32784;42379;48246;31
444;Kab. Seram Bagian Timur;Maluku;Area 4;Malpua;0/198;2905;25328;64.12;137719;6429.88;506174564;9453;4200279;26.69;53189;31756;58241;103395;18
445;Kab. Manokwari Selatan;Papua Barat;Area 4;Malpua;-/57;835;34486;59.84;35696;2812.44;322971817;5505;3184225;7.09;13452.9021;19285;23647;27130;no data
446;Kab. Tabalong;Kalimantan Selatan;Area 4;Kalimantan;10/121;18047;70961;72.19;253052;3766.97;461740456;11283;2971632;14.7;125637;123961;158725;185758;188
447;Kab. Tanah Bumbu;Kalimantan Selatan;Area 4;Kalimantan;5/144;20065;55707;70.71;322880;5006.96;438026626;11718;2886366;16.83;160365;167306;201309;255915;271
448;Kab. Buru;Maluku;Area 4;Malpua;0/82;2404;16731;68.95;134985;4932.32;482604098;10316;4200279;24.42;72305;40893;62719;81275;54
449;Kab. Puncak Jaya;Papua;Area 4;Malpua;3/302;1407;10880;48.37;224274;4989.51;704292072;5282;3516700;46.07;76040;8127;45476;60526;3
450;Kab. Mahakam Ulu;Kalimantan Timur;Area 4;Kalimantan;0/50;2718;103062;67.09;32260;15315;453136962;7524;3309000;3.26;13203;11417;3859;11417;19
451;Kab. Tanah Laut;Kalimantan Selatan;Area 4;Kalimantan;5/130;13930;40507;69.38;349200;3631.35;505605530;11207;2877448;14.79;165710;167756;38852;218988;312
452;Kab. Pegunungan Arfak;Papua Barat;Area 4;Malpua;-/166;198;6398;56.33;37954;2773.74;349305628;5099;3184225;10.68;20204.261;3567;12924;14828;no data
453;Kab. Pasang Kayu;Sulawesi Barat;Area 4;Sulawesi;4/59;10216;58552;67.27;188608;3043.75;460581283;8414;2571328;9.25;84512.169;76147;;138942;72
454;Kab. Teluk Bintuni;Papua Barat;Area 4;Malpua;2/115;31392;487415;64.55;86830;20840.83;505009267;9974;3184225;19.22;30021.4332;37827;48251;56142;33
455;Kab. Raja Ampat;Papua Barat;Area 4;Malpua;4/117;2949;60811;63.89;63888;8034.44;647093633;8014;3184225;8.32;22092.8202;16841;32357;37044;13
456;Kab. Buol;Sulawesi Tengah;Area 4;Sulawesi;7/108;5885;36289;67.82;145001;4043.57;485229562;8079;2585674;22.93;79299;44347;59210;88504;40
457;Kab. Paser;Kalimantan Timur;Area 4;Kalimantan;5/139;48176;168509;72.04;275199;7730.88;384896323;10344;0;26.77;137737;137228;94492;137203;236
458;Kab. Penajam Paser Utara;Kalimantan Timur;Area 4;Kalimantan;24/30;9087;56475;71.41;178428;3333.06;277611967;11231;3363809;11.93;74946;103636;12239;103636;153
459;Kota Balikpapan;Kalimantan Timur;Area 4;Kalimantan;34/-;102389;156277;80.01;687291;527;437726788;14549;3063915;17.02;324635;478364;104523;478364;986
460;Kab. Seruyan;Kalimantan Tengah;Area 4;Kalimantan;3/029;8565;41601;67.58;162653;3827;567765658;9370;3193750;14.53;103243;78480;104778;120563;122
461;Kota Ambon;Maluku;Area 4;Malpua;20/030;14839;31003;80.84;347522;298.61;635403609;14166;4200279;22.15;218302;219769;98316;242105;278
462;Kota Bontang;Kalimantan Timur;Area 4;Kalimantan;15/-;58479;329050;80.02;178664;406.7;231143244;16278;3182706;7.91;86891;124543;33427;124543;208
463;Kab. Supiori;Papua;Area 4;Malpua;-/38;1006;48564;62.3;22294;678.32;417661447;5677;3516700;7.78;9276;5044;9288;11244;8
464;Kab. Tapin;Kalimantan Selatan;Area 4;Kalimantan;9/126;8372;43747;70.11;189222;2700.82;426224950;11841;2877448;5.9;94390;86210;114476;131866;131
465;Kota Banjar Baru;Kalimantan Selatan;Area 4;Kalimantan;20/-;9744;37088;79.1;253189;371;421090093;13675;2877448;10.75;115983;171044;67591;182739;426
466;Kota Banjarmasin;Kalimantan Selatan;Area 4;Kalimantan;52/-;33042;46630;77.1;656636;72;674930481;14306;2948576;31.31;319572;422717;201377;464327;645
467;Kab. Sorong;Papua Barat;Area 4;Malpua;26/226;11082;124617;65.74;118426;6544.23;502914153;7495;3184225;24.89;42643.7364;51881;70618;92208;46
468;Kab. Biak Numfor;Papua;Area 4;Malpua;14/254;5476;35932;72.19;134397;2602;544038318;9705;3516700;38.02;64959;46188;68314;81077;60
469;Kab. Luwu Timur;Sulawesi Selatan;Area 4;Sulawesi;3/124;20997;70066;73.22;296975;6944.88;512404165;12814;3103800;20.82;131634;106599;158721;227700;165
470;Kab. Mimika;Papua;Area 4;Malpua;19/133;54832;249588;74.19;312203;21633;563432699;11431;3516700;31.75;102942;155423;178997;206384;188
471;Kota Samarinda;Kalimantan Timur;Area 4;Kalimantan;59/-;68571;78567;80.11;826967;783;675500904;11728;3112156;41.92;428353;552545;620305;695398;974
472;Kab. Muna Barat;Sulawesi Tenggara;Area 4;Sulawesi;86;2589;18676;65.08;84337;1022.89;341651382;7485;1161283;11.32;31932;21067;38241;#VALUE!;no data
473;Kab. Timor Tengah Selatan;Nusa Tenggara Timur;Area 5;Balnus;12/266;7938;16963;62.15;455644;3947;716929579;6861;1950000;128.98;331364;82211;144266;266874;103
474;Kab. Klungkung;Bali;Area 5;Balnus;6/53;9120;50927;71.73;206672;315;505586391;11376;2538000;8.76;101058;102428;121697;138759;186
475;Kab. Sikka;Nusa Tenggara Timur;Area 5;Balnus;13/147;5124;15992;65.11;322187;1731.9;590110914;8081;1950000;42.18;237911;100658;129837;249581;105
476;Kab. Sumbawa;Nusa Tenggara Barat;Area 5;Balnus;8/157;14811;32363;67.61;509987;6643.98;792884646;9146;2201613;62.88;230507;190068;282234;377080;312
477;Kab. Bangli;Bali;Area 5;Balnus;4/68;6999;30794;69.36;258468;490.71;538001454;11268;2494810;9.56;143650;111241;143816;163773;181
478;Kab. Buleleng;Bali;Area 5;Balnus;19/129;35509;53756;72.55;790786;1364.73;910488837;13463;2538000;35.25;362851;340285;448968;587225;503
479;Kab. Tabanan;Bali;Area 5;Balnus;-/133;23886;53590;76.17;461864;1013.88;763334805;14494;2625216;19.11;265435;293464;293464;335059;425
480;Kab. Gianyar;Bali;Area 5;Balnus;6/64;28581;55804;77.36;515578;368;652219599;14544;2627000;21.01;270591;298622;335372;389269;556
481;Kab. Karangasem;Bali;Area 5;Balnus;3/75;17107;41060;67.35;492636;839.54;716253373;10237;2555469;24.69;252869;183909;245805;341084;273
482;Kota Mataram;Nusa Tenggara Barat;Area 5;Balnus;50/-;19484;40032;78.91;429885;61.3;582765685;14968;2184485;41.8;244766;263220;271708;361709;453
483;Kab. Belu;Nusa Tenggara Timur;Area 5;Balnus;12/69;4481;20356;62.68;217720;1284.97;476169938;7479;1950000;34.18;156101;68944;89921;147608;97
484;Kab. Badung;Bali;Area 5;Balnus;16/46;62795;93692;81.6;548425;418.62;335170598;17503;2930092;13.75;367619;372994;394327;422515;1612
485;Kab. Lombok Timur;Nusa Tenggara Barat;Area 5;Balnus;15/239;20306;16913;66.3;1324213;1230.76;1091094297;9409;2184197;183.84;582812;499795;639742;966522;577
486;Kab. Jembrana;Bali;Area 5;Balnus;10/41;14162;50919;72.36;317298;841.8;525591005;11790;2557102;12.6;158203;148606;189634;241117;255
487;Kab. Alor;Nusa Tenggara Timur;Area 5;Balnus;17/158;3055;14860;61.33;211619;2864.6;572919255;6786;1950000;43.55;147051;59455;80247;124619;93
488;Kab. Manggarai Timur;Nusa Tenggara Timur;Area 5;Balnus;17/159;3212;11183;60.85;275350;2642.93;491172097;5818;1950000;76.69;196862;40802;75681;175749;47
489;Kab. Bima;Nusa Tenggara Barat;Area 5;Balnus;-/191;11645;23834;66.3;514339;3405.63;846199889;8468;2229880;71.32;248447;148628;248843;394507;183
490;Kota Denpasar;Bali;Area 5;Balnus;16/27;55676;58785;83.93;724287;127.78;623672157;19723;2770300;20.48;501143;571366;571366;621785;1451
491;Kab. Dompu;Nusa Tenggara Barat;Area 5;Balnus;9/27;7173;28433;67.84;236412;2391.54;545996418;8889;2187562;30.97;121614;75198;118224;172642;124
492;Kab. Ende;Nusa Tenggara Timur;Area 5;Balnus;23/255;6107;22294;67.04;270510;2046.5;599004483;9094;1950000;65.22;203648;86851;115576;202751;81
493;Kab. Manggarai;Nusa Tenggara Timur;Area 5;Balnus;26/145;4680;13828;64.54;313089;2096.44;561139653;7203;1950000;69.52;234012;81642;112070;232750;78
494;Kab. Sumba Barat;Nusa Tenggara Timur;Area 5;Balnus;11/63;2334;17998;63.53;144844;737.42;379392302;7321;1950000;36.95;88572;31819;42680;69418;43
495;Kab. Sumba Tengah;Nusa Tenggara Timur;Area 5;Balnus;-/65;1177;16168;61.53;85229;1868.74;333876062;6108;1950000;25.37;49396;14290;22687;41652;18
496;Kab. Flores Timur;Nusa Tenggara Timur;Area 5;Balnus;21/229;5252;20523;64.22;276643;1813.2;595654496;7631;1950000;27.89;186702;91049;123594;195790;94
497;Kab. Malaka;Nusa Tenggara Timur;Area 5;Balnus;-/127;2778;14475;60.21;183645;1160.63;430115689;5901;1950000;31.12;134158;41830;79016;133622;64
498;Kab. Sumba Timur;Nusa Tenggara Timur;Area 5;Balnus;16/140;6257;24207;65.52;244567;7000.5;605609005;9406;1950000;77.3;185220;70375;85921;156895;88
499;Kota Kupang;Nusa Tenggara Timur;Area 5;Balnus;51/-;24559;56462;79.71;442992;180.27;623856772;13337;0;39.72;347641;287506;296422;368629;288
500;Kab. Nagekeo;Nusa Tenggara Timur;Area 5;Balnus;16/97;2241;15367;65.81;159479;1416.96;414631577;8309;1950000;18.51;105599;38060;65438;102121;54
501;Kab. Timor Tengah Utara;Nusa Tenggara Timur;Area 5;Balnus;33/160;4083;16066;63.53;259576;2669.7;565758346;6364;1950000;56.98;181725;69580;101860;179017;113
502;Kota Bima;Nusa Tenggara Barat;Area 5;Balnus;38/-;4274;24699;75.81;154887;222.25;442038321;11105;2225000;14.66;94970;82092;93724;132132;74
503;Kab. Manggarai Barat;Nusa Tenggara Timur;Area 5;Balnus;5/164;3467;12621;63.89;256064;2397.03;502486188;7468;1950000;49.4;188310;60683;89558;170812;97
504;Kab. Lombok Tengah;Nusa Tenggara Barat;Area 5;Balnus;12/127;17881;18872;66.43;1033832;1095.03;957311642;9952;2192987;128.1;518563;407481;500386;763021;453
505;Kab. Ngada;Nusa Tenggara Timur;Area 5;Balnus;16/135;3474;21284;67.88;165001;1645.88;448202354;8865;1950000;20.62;117316;51134;70299;109130;67
506;Kab. Sabu Raijua;Nusa Tenggara Timur;Area 5;Balnus;5/58;1424;14623;57.02;89074;460.54;341460889;5265;1950000;30.14;68608;24637;29965;44390;13
507;Kab. Lombok Utara;Nusa Tenggara Barat;Area 5;Balnus;-/33;4868;22085;64.42;247147;776.25;378529590;9006;2186053;59.86;117484;73306;108073;167601;164
508;Kab. Sumba Barat Daya;Nusa Tenggara Timur;Area 5;Balnus;2/173;3755;10893;62.28;303884;1480.46;462481864;6372;1950000;97.81;223749;45033;76427;166545;67
509;Kab. Lembata;Nusa Tenggara Timur;Area 5;Balnus;7/144;1859;12993;64.74;135677;1266;445274975;7305;1950000;37.92;105130;36745;61162;94187;60
510;Kab. Lombok Barat;Nusa Tenggara Barat;Area 5;Balnus;3/119;15461;22247;68.2;720454;896.56;730289354;11304;2184425;100.25;342531;287120;349526;526440;400
511;Kab. Rote Ndao;Nusa Tenggara Timur;Area 5;Balnus;7/112;3136;18224;62.39;143511;1280;424607949;6539;1950000;48.77;129165;44361;61841;96422;54
512;Kab. Kupang;Nusa Tenggara Timur;Area 5;Balnus;17/160;7710;19105;64.32;366617;5434.76;635495332;7526;1950000;94.94;277213;103355;153091;251540;166
513;Kab. Sumbawa Barat;Nusa Tenggara Barat;Area 5;Balnus;7/57;17583;118321;71.63;145545;1849.02;376608234;11536;2278710;20.2;74262;76000;83356;117796;121
